N,B,P,TEST_CASE_NUM,T_A,T_B,T_C,T_D,T_E,IS_SORTED
10000,10,1,1,0.000148,0.000255,0.001646,0.000046,0.002095,true
10000,10,1,2,0.000152,0.000281,0.001614,0.000046,0.002093,true
10000,10,1,3,0.000167,0.000278,0.001630,0.000045,0.002121,true
10000,10,1,4,0.000164,0.000260,0.001631,0.000067,0.002122,true
10000,10,1,5,0.000150,0.000261,0.001644,0.000046,0.002100,true
10000,10,1,6,0.000150,0.000261,0.001673,0.000046,0.002129,true
10000,10,1,7,0.000150,0.000273,0.001639,0.000046,0.002107,true
10000,10,1,8,0.000149,0.000260,0.001662,0.000046,0.002117,true
10000,10,1,9,0.000148,0.000274,0.001616,0.000046,0.002085,true
10000,10,1,10,0.000148,0.000270,0.001616,0.000046,0.002081,true
10000,10,1,11,0.000149,0.000274,0.001618,0.000046,0.002087,true
10000,10,1,12,0.000149,0.000263,0.001649,0.000046,0.002107,true
10000,10,1,13,0.000149,0.000275,0.001618,0.000045,0.002088,true
10000,10,1,14,0.000148,0.000288,0.001608,0.000047,0.002091,true
10000,10,1,15,0.000162,0.000258,0.001631,0.000047,0.002098,true
10000,10,1,16,0.000163,0.000268,0.001616,0.000046,0.002092,true
10000,10,1,17,0.000149,0.000267,0.001632,0.000046,0.002093,true
10000,10,1,18,0.000148,0.000260,0.001626,0.000046,0.002079,true
10000,10,1,19,0.000150,0.000260,0.001637,0.000046,0.002093,true
10000,10,1,20,0.000149,0.000283,0.001620,0.000046,0.002098,true
10000,10,2,1,0.000155,0.000335,0.000935,0.000026,0.001451,true
10000,10,2,2,0.000162,0.000320,0.000999,0.000042,0.001523,true
10000,10,2,3,0.000152,0.000333,0.000949,0.000039,0.001473,true
10000,10,2,4,0.000153,0.000334,0.001019,0.000027,0.001533,true
10000,10,2,5,0.000153,0.000306,0.001023,0.000037,0.001519,true
10000,10,2,6,0.000153,0.000311,0.001004,0.000036,0.001504,true
10000,10,2,7,0.000154,0.000336,0.000972,0.000042,0.001504,true
10000,10,2,8,0.000154,0.000327,0.000994,0.000036,0.001510,true
10000,10,2,9,0.000151,0.000312,0.001035,0.000032,0.001530,true
10000,10,2,10,0.000154,0.000345,0.000991,0.000032,0.001522,true
10000,10,2,11,0.000166,0.000339,0.000952,0.000026,0.001482,true
10000,10,2,12,0.000164,0.000313,0.000966,0.000032,0.001475,true
10000,10,2,13,0.000153,0.000315,0.001025,0.000034,0.001527,true
10000,10,2,14,0.000154,0.000322,0.001025,0.000031,0.001532,true
10000,10,2,15,0.000149,0.000308,0.000994,0.000031,0.001482,true
10000,10,2,16,0.000165,0.000297,0.000996,0.000031,0.001489,true
10000,10,2,17,0.000155,0.000327,0.000978,0.000036,0.001496,true
10000,10,2,18,0.000156,0.000302,0.002309,0.000035,0.002802,true
10000,10,2,19,0.000153,0.000330,0.000924,0.000030,0.001437,true
10000,10,2,20,0.004906,0.000269,0.000844,0.000493,0.006512,true
10000,10,3,1,0.000169,0.000328,0.000829,0.000103,0.001429,true
10000,10,3,2,0.000166,0.000332,0.000781,0.000110,0.001389,true
10000,10,3,3,0.000166,0.000316,0.000844,0.000125,0.001451,true
10000,10,3,4,0.000167,0.000304,0.000805,0.000104,0.001380,true
10000,10,3,5,0.000191,0.000327,0.000859,0.000122,0.001499,true
10000,10,3,6,0.000167,0.000331,0.000808,0.000113,0.001420,true
10000,10,3,7,0.000175,0.000310,0.000738,0.000109,0.001331,true
10000,10,3,8,0.000167,0.000288,0.000851,0.000105,0.001412,true
10000,10,3,9,0.000168,0.000298,0.000798,0.000106,0.001370,true
10000,10,3,10,0.000168,0.000343,0.000832,0.000110,0.001453,true
10000,10,3,11,0.000167,0.000319,0.000841,0.000102,0.001429,true
10000,10,3,12,0.000179,0.000304,0.000801,0.000115,0.001399,true
10000,10,3,13,0.000183,0.000300,0.000703,0.000107,0.001293,true
10000,10,3,14,0.000166,0.000318,0.000876,0.000115,0.001475,true
10000,10,3,15,0.000168,0.000312,0.000800,0.000147,0.001427,true
10000,10,3,16,0.000165,0.000333,0.000763,0.000121,0.001382,true
10000,10,3,17,0.000179,0.000312,0.000825,0.000104,0.001421,true
10000,10,3,18,0.000166,0.000339,0.000807,0.000115,0.001427,true
10000,10,3,19,0.000174,0.000297,0.000823,0.000113,0.001407,true
10000,10,3,20,0.000165,0.000311,0.000798,0.000132,0.001406,true
10000,10,4,1,0.000208,0.000324,0.000653,0.000108,0.001294,true
10000,10,4,2,0.000200,0.000336,0.000743,0.000099,0.001378,true
10000,10,4,3,0.000195,0.000327,0.000753,0.000085,0.001359,true
10000,10,4,4,0.000202,0.000346,0.000702,0.000114,0.001363,true
10000,10,4,5,0.000197,0.000337,0.000750,0.000106,0.001390,true
10000,10,4,6,0.000194,0.000305,0.000785,0.000123,0.001406,true
10000,10,4,7,0.000201,0.000335,0.000709,0.000107,0.001352,true
10000,10,4,8,0.000193,0.000331,0.000721,0.000108,0.001352,true
10000,10,4,9,0.000193,0.000303,0.000755,0.000154,0.001405,true
10000,10,4,10,0.000192,0.000299,0.000610,0.000109,0.001210,true
10000,10,4,11,0.004187,0.000277,0.001989,0.001359,0.007811,true
10000,10,4,12,0.000194,0.000333,0.000773,0.000102,0.001402,true
10000,10,4,13,0.000193,0.000313,0.000812,0.000089,0.001406,true
10000,10,4,14,0.000218,0.000349,0.000708,0.000121,0.001395,true
10000,10,4,15,0.000193,0.000331,0.000751,0.000080,0.001354,true
10000,10,4,16,0.000192,0.000315,0.000780,0.000111,0.001398,true
10000,10,4,17,0.000198,0.000337,0.000824,0.000090,0.001449,true
10000,10,4,18,0.000195,0.000303,0.000794,0.000089,0.001381,true
10000,10,4,19,0.000191,0.000289,0.000761,0.000096,0.001337,true
10000,10,4,20,0.000190,0.000334,0.000727,0.000085,0.001337,true
10000,100,1,1,0.000145,0.000228,0.000993,0.000052,0.001419,true
10000,100,1,2,0.000146,0.000243,0.000988,0.000052,0.001428,true
10000,100,1,3,0.000144,0.000225,0.000981,0.000051,0.001402,true
10000,100,1,4,0.000145,0.000243,0.000989,0.000052,0.001430,true
10000,100,1,5,0.000161,0.000228,0.000992,0.000052,0.001433,true
10000,100,1,6,0.000147,0.000228,0.001001,0.000052,0.001429,true
10000,100,1,7,0.000145,0.000251,0.000988,0.000052,0.001436,true
10000,100,1,8,0.000147,0.000245,0.000996,0.000051,0.001439,true
10000,100,1,9,0.000160,0.000224,0.000998,0.000052,0.001434,true
10000,100,1,10,0.000146,0.000226,0.000984,0.000051,0.001407,true
10000,100,1,11,0.000144,0.000225,0.000994,0.000055,0.001418,true
10000,100,1,12,0.000147,0.000236,0.001002,0.000053,0.001438,true
10000,100,1,13,0.000148,0.000218,0.000994,0.000052,0.001411,true
10000,100,1,14,0.000149,0.000233,0.000989,0.000052,0.001423,true
10000,100,1,15,0.000160,0.000219,0.000997,0.000053,0.001429,true
10000,100,1,16,0.000146,0.000228,0.000998,0.000052,0.001424,true
10000,100,1,17,0.000146,0.000219,0.001007,0.000052,0.001423,true
10000,100,1,18,0.000147,0.000219,0.001004,0.000053,0.001423,true
10000,100,1,19,0.000145,0.000220,0.000994,0.000053,0.001412,true
10000,100,1,20,0.000148,0.000233,0.000984,0.000052,0.001416,true
10000,100,2,1,0.000189,0.000240,0.000500,0.000032,0.000962,true
10000,100,2,2,0.000181,0.000235,0.000498,0.000030,0.000944,true
10000,100,2,3,0.000170,0.000241,0.000514,0.000029,0.000954,true
10000,100,2,4,0.000154,0.000243,0.000513,0.000030,0.000940,true
10000,100,2,5,0.000157,0.000250,0.000498,0.000028,0.000932,true
10000,100,2,6,0.000152,0.000254,0.000496,0.000031,0.000934,true
10000,100,2,7,0.000173,0.000242,0.000493,0.000029,0.000936,true
10000,100,2,8,0.000154,0.000241,0.000508,0.000036,0.000938,true
10000,100,2,9,0.000162,0.000236,0.000493,0.000027,0.000918,true
10000,100,2,10,0.000154,0.000254,0.000497,0.000032,0.000937,true
10000,100,2,11,0.000159,0.000235,0.000513,0.000027,0.000934,true
10000,100,2,12,0.000155,0.000249,0.000497,0.000029,0.000930,true
10000,100,2,13,0.000155,0.000237,0.000510,0.000033,0.000934,true
10000,100,2,14,0.000158,0.000248,0.000499,0.000029,0.000934,true
10000,100,2,15,0.000158,0.000260,0.000496,0.000030,0.000944,true
10000,100,2,16,0.000174,0.000244,0.000495,0.000030,0.000942,true
10000,100,2,17,0.000152,0.000291,0.000506,0.000074,0.001024,true
10000,100,2,18,0.000156,0.000237,0.000511,0.000029,0.000933,true
10000,100,2,19,0.000155,0.000243,0.000531,0.000032,0.000960,true
10000,100,2,20,0.000159,0.000270,0.000513,0.000067,0.001009,true
10000,100,3,1,0.000173,0.000202,0.000353,0.000056,0.000784,true
10000,100,3,2,0.000169,0.000202,0.000349,0.000057,0.000777,true
10000,100,3,3,0.000178,0.000202,0.000336,0.000056,0.000772,true
10000,100,3,4,0.000167,0.000202,0.000348,0.000072,0.000789,true
10000,100,3,5,0.000178,0.000201,0.000337,0.000046,0.000762,true
10000,100,3,6,0.000180,0.000201,0.000334,0.000052,0.000766,true
10000,100,3,7,0.000166,0.000211,0.000339,0.000035,0.000752,true
10000,100,3,8,0.000169,0.000203,0.000341,0.000045,0.000758,true
10000,100,3,9,0.000168,0.000202,0.000335,0.000050,0.000755,true
10000,100,3,10,0.000175,0.000219,0.000339,0.000043,0.000775,true
10000,100,3,11,0.000180,0.000202,0.000340,0.000048,0.000770,true
10000,100,3,12,0.000193,0.000225,0.000332,0.000048,0.000800,true
10000,100,3,13,0.000165,0.000201,0.000352,0.000052,0.000771,true
10000,100,3,14,0.000166,0.000204,0.000335,0.000056,0.000761,true
10000,100,3,15,0.000185,0.000206,0.000335,0.000050,0.000775,true
10000,100,3,16,0.000174,0.000200,0.000334,0.000067,0.000775,true
10000,100,3,17,0.000191,0.000200,0.000351,0.000057,0.000799,true
10000,100,3,18,0.000166,0.000210,0.000347,0.000052,0.000775,true
10000,100,3,19,0.000166,0.000202,0.000342,0.000065,0.000775,true
10000,100,3,20,0.000187,0.000201,0.000336,0.000056,0.000779,true
10000,100,4,1,0.000221,0.000195,0.000264,0.000053,0.000734,true
10000,100,4,2,0.000212,0.000193,0.000252,0.000051,0.000708,true
10000,100,4,3,0.000202,0.000202,0.000256,0.000064,0.000725,true
10000,100,4,4,0.000209,0.000192,0.000253,0.000063,0.000717,true
10000,100,4,5,0.000212,0.000193,0.000255,0.000060,0.000720,true
10000,100,4,6,0.000208,0.000204,0.000258,0.000059,0.000729,true
10000,100,4,7,0.000210,0.000192,0.000256,0.000062,0.000720,true
10000,100,4,8,0.000199,0.000202,0.000259,0.000047,0.000708,true
10000,100,4,9,0.000200,0.000205,0.000252,0.000059,0.000716,true
10000,100,4,10,0.000200,0.000193,0.000255,0.000067,0.000715,true
10000,100,4,11,0.000199,0.000191,0.000264,0.000065,0.000718,true
10000,100,4,12,0.000201,0.000191,0.000260,0.000074,0.000727,true
10000,100,4,13,0.000215,0.000192,0.000253,0.000059,0.000719,true
10000,100,4,14,0.000203,0.000193,0.000252,0.000059,0.000707,true
10000,100,4,15,0.000199,0.000191,0.000262,0.000071,0.000723,true
10000,100,4,16,0.000212,0.000192,0.000254,0.000062,0.000720,true
10000,100,4,17,0.000198,0.000203,0.000253,0.000060,0.000714,true
10000,100,4,18,0.000199,0.000191,0.000258,0.000070,0.000718,true
10000,100,4,19,0.000202,0.000193,0.000267,0.000065,0.000727,true
10000,100,4,20,0.000201,0.000193,0.000253,0.000066,0.000713,true
10000,1000,1,1,0.000149,0.000254,0.000509,0.000071,0.000983,true
10000,1000,1,2,0.000149,0.000245,0.000510,0.000072,0.000977,true
10000,1000,1,3,0.000150,0.000253,0.000517,0.000072,0.000992,true
10000,1000,1,4,0.000149,0.000279,0.000514,0.000072,0.001014,true
10000,1000,1,5,0.000150,0.000234,0.000530,0.000072,0.000986,true
10000,1000,1,6,0.000149,0.000251,0.000531,0.000072,0.001004,true
10000,1000,1,7,0.000149,0.000232,0.000542,0.000073,0.000995,true
10000,1000,1,8,0.000169,0.000234,0.000518,0.000071,0.000991,true
10000,1000,1,9,0.000150,0.000253,0.000523,0.000093,0.001019,true
10000,1000,1,10,0.000151,0.000238,0.000531,0.000073,0.000993,true
10000,1000,1,11,0.000149,0.000250,0.000522,0.000071,0.000993,true
10000,1000,1,12,0.000150,0.000237,0.000541,0.000072,0.001000,true
10000,1000,1,13,0.000163,0.000238,0.000517,0.000072,0.000990,true
10000,1000,1,14,0.000149,0.000258,0.000518,0.000073,0.000998,true
10000,1000,1,15,0.000149,0.000235,0.000518,0.000071,0.000973,true
10000,1000,1,16,0.000149,0.000239,0.000509,0.000084,0.000982,true
10000,1000,1,17,0.000149,0.000235,0.000507,0.000094,0.000985,true
10000,1000,1,18,0.000162,0.000241,0.000506,0.000072,0.000980,true
10000,1000,1,19,0.000148,0.000236,0.000524,0.000080,0.000989,true
10000,1000,1,20,0.000148,0.000246,0.000540,0.000073,0.001007,true
10000,1000,2,1,0.000156,0.000227,0.000285,0.000050,0.000718,true
10000,1000,2,2,0.000156,0.000231,0.000259,0.000061,0.000706,true
10000,1000,2,3,0.000156,0.000226,0.000264,0.000045,0.000691,true
10000,1000,2,4,0.000155,0.000227,0.000267,0.000047,0.000697,true
10000,1000,2,5,0.000155,0.000227,0.000276,0.000045,0.000703,true
10000,1000,2,6,0.000156,0.000243,0.000263,0.000049,0.000711,true
10000,1000,2,7,0.000157,0.000233,0.000280,0.000048,0.000718,true
10000,1000,2,8,0.000157,0.000231,0.000283,0.000046,0.000716,true
10000,1000,2,9,0.000167,0.000230,0.000262,0.000046,0.000704,true
10000,1000,2,10,0.000155,0.000230,0.000259,0.000044,0.000689,true
10000,1000,2,11,0.000162,0.000230,0.000290,0.000053,0.000734,true
10000,1000,2,12,0.000157,0.000242,0.000267,0.000046,0.000712,true
10000,1000,2,13,0.000157,0.000226,0.000284,0.000047,0.000714,true
10000,1000,2,14,0.000155,0.000226,0.000264,0.000047,0.000693,true
10000,1000,2,15,0.000156,0.000230,0.000277,0.000050,0.000713,true
10000,1000,2,16,0.000183,0.000227,0.000265,0.000046,0.000721,true
10000,1000,2,17,0.000159,0.000226,0.000274,0.000052,0.000711,true
10000,1000,2,18,0.000160,0.000230,0.000280,0.000057,0.000727,true
10000,1000,2,19,0.000157,0.000247,0.000265,0.000049,0.000718,true
10000,1000,2,20,0.000159,0.000231,0.000263,0.000060,0.000713,true
10000,1000,3,1,0.000168,0.000198,0.000175,0.000078,0.000619,true
10000,1000,3,2,0.000170,0.000201,0.000179,0.000084,0.000634,true
10000,1000,3,3,0.000171,0.000213,0.000179,0.000085,0.000649,true
10000,1000,3,4,0.000167,0.000214,0.000180,0.000082,0.000643,true
10000,1000,3,5,0.000165,0.000199,0.000178,0.000080,0.000622,true
10000,1000,3,6,0.000166,0.000207,0.000184,0.000079,0.000636,true
10000,1000,3,7,0.000175,0.000201,0.000185,0.000099,0.000660,true
10000,1000,3,8,0.000166,0.000199,0.000196,0.000080,0.000641,true
10000,1000,3,9,0.000181,0.000200,0.000174,0.000077,0.000631,true
10000,1000,3,10,0.000179,0.000200,0.000181,0.000083,0.000642,true
10000,1000,3,11,0.000168,0.000199,0.000185,0.000089,0.000641,true
10000,1000,3,12,0.000168,0.000201,0.000179,0.000079,0.000626,true
10000,1000,3,13,0.000181,0.000201,0.000181,0.000080,0.000643,true
10000,1000,3,14,0.000191,0.000226,0.000191,0.000050,0.000659,true
10000,1000,3,15,0.000173,0.000198,0.000180,0.000080,0.000631,true
10000,1000,3,16,0.000168,0.000200,0.000180,0.000086,0.000634,true
10000,1000,3,17,0.000180,0.000199,0.000178,0.000087,0.000645,true
10000,1000,3,18,0.000179,0.000203,0.000180,0.000085,0.000647,true
10000,1000,3,19,0.000167,0.000202,0.000196,0.000088,0.000653,true
10000,1000,3,20,0.000179,0.000199,0.000180,0.000089,0.000647,true
10000,1000,4,1,0.000195,0.000189,0.000135,0.000073,0.000592,true
10000,1000,4,2,0.000196,0.000187,0.000151,0.000071,0.000604,true
10000,1000,4,3,0.000194,0.000193,0.000143,0.000076,0.000606,true
10000,1000,4,4,0.000192,0.000186,0.000137,0.000072,0.000586,true
10000,1000,4,5,0.000190,0.000187,0.000146,0.000089,0.000612,true
10000,1000,4,6,0.000200,0.000186,0.000135,0.000074,0.000595,true
10000,1000,4,7,0.000189,0.000187,0.000136,0.000073,0.000585,true
10000,1000,4,8,0.000192,0.000185,0.000136,0.000071,0.000584,true
10000,1000,4,9,0.000189,0.000189,0.000135,0.000077,0.000590,true
10000,1000,4,10,0.000200,0.000187,0.000143,0.000076,0.000605,true
10000,1000,4,11,0.000209,0.000187,0.000136,0.000079,0.000611,true
10000,1000,4,12,0.000193,0.000200,0.000137,0.000080,0.000610,true
10000,1000,4,13,0.000193,0.000201,0.000138,0.000078,0.000610,true
10000,1000,4,14,0.000188,0.000185,0.000140,0.000080,0.000593,true
10000,1000,4,15,0.000208,0.000190,0.000136,0.000076,0.000610,true
10000,1000,4,16,0.000190,0.000187,0.000148,0.000077,0.000602,true
10000,1000,4,17,0.000203,0.000188,0.000135,0.000077,0.000604,true
10000,1000,4,18,0.004642,0.000191,0.000142,0.001573,0.006547,true
10000,1000,4,19,0.000199,0.000187,0.000137,0.000068,0.000590,true
10000,1000,4,20,0.000190,0.000189,0.000137,0.000072,0.000588,true
10000,10000,1,1,0.000147,0.000261,0.000300,0.000262,0.000969,true
10000,10000,1,2,0.000145,0.000246,0.000303,0.000270,0.000964,true
10000,10000,1,3,0.000146,0.000246,0.000328,0.000255,0.000974,true
10000,10000,1,4,0.000146,0.000253,0.000318,0.000283,0.001001,true
10000,10000,1,5,0.000146,0.000274,0.000300,0.000253,0.000972,true
10000,10000,1,6,0.000170,0.000252,0.000299,0.000252,0.000972,true
10000,10000,1,7,0.000145,0.000254,0.000333,0.000252,0.000985,true
10000,10000,1,8,0.000145,0.000245,0.000316,0.000252,0.000959,true
10000,10000,1,9,0.000146,0.000246,0.000328,0.000256,0.000977,true
10000,10000,1,10,0.000146,0.000245,0.000334,0.000256,0.000981,true
10000,10000,1,11,0.000145,0.000266,0.000318,0.000255,0.000984,true
10000,10000,1,12,0.000160,0.000300,0.000304,0.000253,0.001017,true
10000,10000,1,13,0.000146,0.000241,0.000321,0.000269,0.000978,true
10000,10000,1,14,0.000144,0.000283,0.000299,0.000257,0.000984,true
10000,10000,1,15,0.000158,0.000271,0.000300,0.000257,0.000985,true
10000,10000,1,16,0.000147,0.000245,0.000322,0.000273,0.000987,true
10000,10000,1,17,0.000146,0.000258,0.000307,0.000256,0.000968,true
10000,10000,1,18,0.000160,0.000245,0.000301,0.000271,0.000977,true
10000,10000,1,19,0.000146,0.000258,0.000307,0.000257,0.000968,true
10000,10000,1,20,0.000146,0.000250,0.000307,0.000269,0.000971,true
10000,10000,2,1,0.000166,0.000235,0.000150,0.000189,0.000739,true
10000,10000,2,2,0.000153,0.000254,0.000150,0.000184,0.000741,true
10000,10000,2,3,0.000151,0.000234,0.000150,0.000185,0.000719,true
10000,10000,2,4,0.000151,0.000253,0.000151,0.000188,0.000742,true
10000,10000,2,5,0.000152,0.000234,0.000163,0.000202,0.000752,true
10000,10000,2,6,0.000165,0.000233,0.000154,0.000188,0.000740,true
10000,10000,2,7,0.000155,0.000233,0.000149,0.000205,0.000741,true
10000,10000,2,8,0.000153,0.000234,0.000153,0.000190,0.000729,true
10000,10000,2,9,0.000151,0.000234,0.000165,0.000186,0.000736,true
10000,10000,2,10,0.000151,0.000233,0.000150,0.000188,0.000721,true
10000,10000,2,11,0.000150,0.000242,0.000152,0.000209,0.000753,true
10000,10000,2,12,0.000152,0.000232,0.000152,0.000190,0.000727,true
10000,10000,2,13,0.000164,0.000235,0.000152,0.000185,0.000735,true
10000,10000,2,14,0.000151,0.000245,0.000153,0.000185,0.000733,true
10000,10000,2,15,0.000147,0.000245,0.000152,0.000192,0.000736,true
10000,10000,2,16,0.000147,0.000241,0.000158,0.000192,0.000738,true
10000,10000,2,17,0.000150,0.000232,0.000154,0.000198,0.000735,true
10000,10000,2,18,0.000154,0.000248,0.000150,0.000188,0.000739,true
10000,10000,2,19,0.000153,0.000251,0.000153,0.000181,0.000738,true
10000,10000,2,20,0.000166,0.000232,0.000154,0.000185,0.000737,true
10000,10000,3,1,0.000175,0.000202,0.000101,0.000199,0.000676,true
10000,10000,3,2,0.000165,0.000202,0.000102,0.000202,0.000671,true
10000,10000,3,3,0.000168,0.000202,0.000101,0.000205,0.000675,true
10000,10000,3,4,0.000174,0.000201,0.000101,0.000196,0.000672,true
10000,10000,3,5,0.000169,0.000201,0.000102,0.000201,0.000672,true
10000,10000,3,6,0.000166,0.000205,0.000114,0.000201,0.000687,true
10000,10000,3,7,0.000167,0.000216,0.000104,0.000198,0.000686,true
10000,10000,3,8,0.000174,0.000201,0.000103,0.000202,0.000679,true
10000,10000,3,9,0.000166,0.000201,0.000118,0.000202,0.000687,true
10000,10000,3,10,0.000164,0.000201,0.000104,0.000201,0.000669,true
10000,10000,3,11,0.000168,0.000201,0.000108,0.000212,0.000689,true
10000,10000,3,12,0.000167,0.000201,0.000101,0.000204,0.000674,true
10000,10000,3,13,0.000165,0.000201,0.000103,0.000232,0.000702,true
10000,10000,3,14,0.000167,0.000201,0.000103,0.000197,0.000668,true
10000,10000,3,15,0.000169,0.000200,0.000104,0.000223,0.000696,true
10000,10000,3,16,0.000167,0.000201,0.000102,0.000207,0.000677,true
10000,10000,3,17,0.000168,0.000201,0.000101,0.000205,0.000676,true
10000,10000,3,18,0.000168,0.000201,0.000101,0.000201,0.000672,true
10000,10000,3,19,0.000187,0.000205,0.000118,0.000202,0.000712,true
10000,10000,3,20,0.000172,0.000202,0.000104,0.000207,0.000684,true
10000,10000,4,1,0.000212,0.000185,0.000077,0.000190,0.000664,true
10000,10000,4,2,0.000199,0.000185,0.000078,0.000198,0.000660,true
10000,10000,4,3,0.000190,0.000185,0.000086,0.000198,0.000658,true
10000,10000,4,4,0.004675,0.000202,0.000079,0.005782,0.010737,true
10000,10000,4,5,0.000212,0.000185,0.000087,0.000200,0.000684,true
10000,10000,4,6,0.000213,0.000186,0.000079,0.000194,0.000672,true
10000,10000,4,7,0.000207,0.000184,0.000079,0.000188,0.000658,true
10000,10000,4,8,0.000197,0.000189,0.000089,0.000189,0.000664,true
10000,10000,4,9,0.000199,0.000185,0.000077,0.000192,0.000653,true
10000,10000,4,10,0.000196,0.000187,0.000084,0.000202,0.000668,true
10000,10000,4,11,0.000194,0.000185,0.000077,0.000210,0.000666,true
10000,10000,4,12,0.000197,0.000184,0.000077,0.000191,0.000649,true
10000,10000,4,13,0.000203,0.000185,0.000077,0.000194,0.000659,true
10000,10000,4,14,0.000199,0.000185,0.000077,0.000192,0.000653,true
10000,10000,4,15,0.000195,0.000185,0.000078,0.000193,0.000651,true
10000,10000,4,16,0.000190,0.000185,0.000079,0.000222,0.000675,true
10000,10000,4,17,0.000196,0.000189,0.000089,0.000197,0.000671,true
10000,10000,4,18,0.000195,0.000186,0.000079,0.000194,0.000654,true
10000,10000,4,19,0.000202,0.000185,0.000077,0.000195,0.000659,true
10000,10000,4,20,0.000212,0.000185,0.000077,0.000195,0.000669,true
100000,10,1,1,0.001214,0.002584,0.019274,0.000388,0.023461,true
100000,10,1,2,0.001196,0.002608,0.019320,0.000402,0.023526,true
100000,10,1,3,0.001201,0.002582,0.019221,0.000406,0.023409,true
100000,10,1,4,0.001203,0.002540,0.019287,0.000390,0.023421,true
100000,10,1,5,0.001202,0.002620,0.019254,0.000401,0.023477,true
100000,10,1,6,0.001192,0.002587,0.019260,0.000403,0.023442,true
100000,10,1,7,0.001209,0.002675,0.019259,0.000401,0.023544,true
100000,10,1,8,0.001211,0.002582,0.019207,0.000389,0.023388,true
100000,10,1,9,0.001203,0.002560,0.019293,0.000389,0.023445,true
100000,10,1,10,0.001192,0.002587,0.019312,0.000403,0.023494,true
100000,10,1,11,0.001260,0.002583,0.019341,0.000402,0.023585,true
100000,10,1,12,0.001228,0.002558,0.019214,0.000413,0.023412,true
100000,10,1,13,0.001202,0.002574,0.019257,0.000403,0.023436,true
100000,10,1,14,0.001210,0.002567,0.019222,0.000401,0.023400,true
100000,10,1,15,0.001203,0.002551,0.019270,0.000397,0.023420,true
100000,10,1,16,0.001201,0.002554,0.019282,0.000390,0.023428,true
100000,10,1,17,0.001239,0.002566,0.019332,0.000403,0.023540,true
100000,10,1,18,0.001211,0.002682,0.019304,0.000395,0.023591,true
100000,10,1,19,0.001205,0.002587,0.019251,0.000392,0.023435,true
100000,10,1,20,0.001201,0.002557,0.019267,0.000390,0.023416,true
100000,10,2,1,0.000679,0.003080,0.009808,0.000279,0.013846,true
100000,10,2,2,0.000688,0.003148,0.009713,0.000245,0.013793,true
100000,10,2,3,0.000674,0.003116,0.009805,0.000257,0.013852,true
100000,10,2,4,0.000666,0.003148,0.009812,0.000232,0.013857,true
100000,10,2,5,0.000676,0.003007,0.009766,0.000222,0.013672,true
100000,10,2,6,0.000666,0.003014,0.009765,0.000263,0.013708,true
100000,10,2,7,0.000683,0.003044,0.009809,0.000242,0.013778,true
100000,10,2,8,0.000682,0.003008,0.009737,0.000241,0.013667,true
100000,10,2,9,0.000665,0.003037,0.009744,0.000229,0.013674,true
100000,10,2,10,0.000667,0.003218,0.009710,0.000281,0.013876,true
100000,10,2,11,0.000680,0.003080,0.009805,0.000238,0.013804,true
100000,10,2,12,0.000678,0.003034,0.009764,0.000216,0.013693,true
100000,10,2,13,0.000672,0.003138,0.009831,0.000216,0.013857,true
100000,10,2,14,0.000683,0.003029,0.009810,0.000211,0.013733,true
100000,10,2,15,0.000673,0.003201,0.009763,0.000241,0.013878,true
100000,10,2,16,0.000677,0.003049,0.009753,0.000254,0.013733,true
100000,10,2,17,0.000681,0.003351,0.009683,0.000497,0.014212,true
100000,10,2,18,0.000681,0.003208,0.009746,0.000200,0.013834,true
100000,10,2,19,0.000750,0.003053,0.009800,0.000214,0.013817,true
100000,10,2,20,0.000665,0.003034,0.009775,0.000206,0.013679,true
100000,10,3,1,0.000524,0.002971,0.006525,0.001573,0.011593,true
100000,10,3,2,0.000544,0.003099,0.006521,0.001590,0.011754,true
100000,10,3,3,0.000526,0.003040,0.006516,0.001619,0.011701,true
100000,10,3,4,0.000528,0.003088,0.006524,0.001584,0.011724,true
100000,10,3,5,0.000540,0.003160,0.006524,0.001559,0.011783,true
100000,10,3,6,0.000525,0.002977,0.006526,0.001590,0.011617,true
100000,10,3,7,0.000568,0.003196,0.006495,0.001602,0.011862,true
100000,10,3,8,0.000539,0.003135,0.006489,0.001546,0.011710,true
100000,10,3,9,0.000510,0.003003,0.006575,0.001627,0.011715,true
100000,10,3,10,0.000508,0.003222,0.006543,0.001604,0.011877,true
100000,10,3,11,0.000512,0.003048,0.006490,0.001570,0.011620,true
100000,10,3,12,0.000511,0.002973,0.006506,0.001571,0.011561,true
100000,10,3,13,0.000510,0.003206,0.006525,0.001491,0.011732,true
100000,10,3,14,0.000537,0.003213,0.006522,0.001532,0.011803,true
100000,10,3,15,0.000534,0.002960,0.006506,0.001601,0.011602,true
100000,10,3,16,0.000516,0.002994,0.006490,0.001534,0.011534,true
100000,10,3,17,0.000513,0.003161,0.006509,0.001442,0.011625,true
100000,10,3,18,0.000533,0.003206,0.006507,0.001518,0.011764,true
100000,10,3,19,0.000535,0.002985,0.006500,0.001532,0.011552,true
100000,10,3,20,0.000520,0.003221,0.006499,0.001529,0.011769,true
100000,10,4,1,0.000462,0.003162,0.004912,0.001366,0.009902,true
100000,10,4,2,0.000454,0.003149,0.004949,0.001319,0.009871,true
100000,10,4,3,0.000454,0.003084,0.004935,0.001354,0.009827,true
100000,10,4,4,0.000465,0.003091,0.004935,0.001414,0.009905,true
100000,10,4,5,0.000467,0.003314,0.004935,0.001329,0.010045,true
100000,10,4,6,0.000452,0.003296,0.004904,0.001347,0.009999,true
100000,10,4,7,0.000469,0.003086,0.004879,0.001458,0.009892,true
100000,10,4,8,0.000455,0.003092,0.004891,0.001464,0.009902,true
100000,10,4,9,0.000459,0.003143,0.004893,0.001291,0.009786,true
100000,10,4,10,0.000458,0.003065,0.004932,0.001395,0.009851,true
100000,10,4,11,0.000453,0.003261,0.004883,0.001333,0.009930,true
100000,10,4,12,0.000460,0.003090,0.004908,0.001443,0.009901,true
100000,10,4,13,0.000453,0.003112,0.004922,0.001424,0.009911,true
100000,10,4,14,0.000462,0.003072,0.004879,0.001407,0.009821,true
100000,10,4,15,0.000455,0.003126,0.004895,0.001331,0.009807,true
100000,10,4,16,0.000459,0.003299,0.004871,0.001350,0.009979,true
100000,10,4,17,0.000468,0.003073,0.004888,0.001416,0.009846,true
100000,10,4,18,0.000469,0.003088,0.004892,0.001505,0.009954,true
100000,10,4,19,0.000456,0.003064,0.004887,0.001426,0.009833,true
100000,10,4,20,0.000469,0.003046,0.004946,0.001387,0.009848,true
100000,100,1,1,0.001202,0.002621,0.014527,0.000405,0.018754,true
100000,100,1,2,0.001210,0.003792,0.014542,0.000406,0.019949,true
100000,100,1,3,0.001212,0.002606,0.014432,0.000393,0.018643,true
100000,100,1,4,0.001195,0.002582,0.014446,0.000403,0.018626,true
100000,100,1,5,0.001214,0.002609,0.014453,0.000405,0.018681,true
100000,100,1,6,0.001212,0.002567,0.014514,0.000402,0.018696,true
100000,100,1,7,0.001226,0.002584,0.014514,0.000398,0.018722,true
100000,100,1,8,0.001226,0.002587,0.014472,0.000394,0.018679,true
100000,100,1,9,0.001241,0.002568,0.014465,0.000393,0.018668,true
100000,100,1,10,0.001207,0.002620,0.014528,0.000393,0.018748,true
100000,100,1,11,0.001193,0.002599,0.014502,0.000406,0.018700,true
100000,100,1,12,0.001228,0.002606,0.014470,0.000410,0.018715,true
100000,100,1,13,0.001224,0.002582,0.014452,0.000405,0.018663,true
100000,100,1,14,0.001220,0.002583,0.014515,0.000394,0.018713,true
100000,100,1,15,0.001230,0.002590,0.014452,0.000394,0.018666,true
100000,100,1,16,0.001218,0.002597,0.014524,0.000393,0.018733,true
100000,100,1,17,0.001200,0.002602,0.014520,0.000406,0.018729,true
100000,100,1,18,0.001212,0.002602,0.014558,0.000393,0.018765,true
100000,100,1,19,0.001216,0.002575,0.014543,0.000402,0.018736,true
100000,100,1,20,0.001200,0.002576,0.014542,0.000404,0.018722,true
100000,100,2,1,0.000680,0.002584,0.007368,0.000214,0.010846,true
100000,100,2,2,0.000689,0.002570,0.007453,0.000207,0.010920,true
100000,100,2,3,0.000667,0.002634,0.007405,0.000222,0.010927,true
100000,100,2,4,0.000677,0.002577,0.007460,0.000225,0.010939,true
100000,100,2,5,0.000684,0.002586,0.007367,0.000214,0.010850,true
100000,100,2,6,0.000702,0.002515,0.007373,0.000203,0.010794,true
100000,100,2,7,0.000664,0.002588,0.007465,0.000223,0.010940,true
100000,100,2,8,0.000681,0.002630,0.007341,0.000205,0.010857,true
100000,100,2,9,0.000664,0.002609,0.007397,0.000234,0.010904,true
100000,100,2,10,0.000693,0.002520,0.007457,0.000205,0.010875,true
100000,100,2,11,0.000664,0.002548,0.007375,0.000234,0.010822,true
100000,100,2,12,0.000683,0.002600,0.007383,0.000238,0.010904,true
100000,100,2,13,0.000686,0.002534,0.007445,0.000202,0.010867,true
100000,100,2,14,0.000689,0.002551,0.007349,0.000231,0.010820,true
100000,100,2,15,0.000675,0.002544,0.007360,0.000207,0.010786,true
100000,100,2,16,0.000681,0.002568,0.007382,0.000256,0.010887,true
100000,100,2,17,0.000666,0.002546,0.007347,0.000234,0.010793,true
100000,100,2,18,0.000680,0.002585,0.007391,0.000212,0.010868,true
100000,100,2,19,0.000687,0.002548,0.007513,0.000219,0.010967,true
100000,100,2,20,0.000669,0.002624,0.007435,0.000203,0.010931,true
100000,100,3,1,0.000519,0.002217,0.005047,0.000327,0.008110,true
100000,100,3,2,0.000526,0.002217,0.004992,0.000381,0.008117,true
100000,100,3,3,0.000508,0.002163,0.004965,0.000373,0.008009,true
100000,100,3,4,0.000529,0.002181,0.004968,0.000384,0.008062,true
100000,100,3,5,0.000506,0.002218,0.005018,0.000356,0.008098,true
100000,100,3,6,0.000521,0.002184,0.004936,0.000377,0.008019,true
100000,100,3,7,0.000525,0.002191,0.005049,0.000328,0.008093,true
100000,100,3,8,0.000529,0.002179,0.004994,0.000402,0.008103,true
100000,100,3,9,0.000508,0.002184,0.004975,0.000451,0.008118,true
100000,100,3,10,0.000520,0.002183,0.005012,0.000375,0.008090,true
100000,100,3,11,0.000541,0.002180,0.005007,0.000400,0.008127,true
100000,100,3,12,0.000529,0.002176,0.005018,0.000391,0.008115,true
100000,100,3,13,0.000509,0.002168,0.004975,0.000422,0.008074,true
100000,100,3,14,0.000508,0.002203,0.005019,0.000383,0.008113,true
100000,100,3,15,0.000619,0.002184,0.005030,0.000408,0.008241,true
100000,100,3,16,0.000508,0.002209,0.005021,0.000380,0.008118,true
100000,100,3,17,0.000508,0.002202,0.005024,0.000416,0.008149,true
100000,100,3,18,0.000507,0.002192,0.004991,0.000365,0.008056,true
100000,100,3,19,0.000507,0.002201,0.004978,0.000451,0.008137,true
100000,100,3,20,0.000506,0.002324,0.004873,0.000388,0.008091,true
100000,100,4,1,0.000466,0.002005,0.003707,0.000521,0.006699,true
100000,100,4,2,0.000482,0.002038,0.003729,0.000472,0.006720,true
100000,100,4,3,0.000464,0.002083,0.003726,0.000503,0.006775,true
100000,100,4,4,0.000522,0.002029,0.003736,0.000507,0.006794,true
100000,100,4,5,0.000477,0.002051,0.003740,0.000472,0.006740,true
100000,100,4,6,0.000466,0.002037,0.003753,0.000539,0.006795,true
100000,100,4,7,0.000467,0.002035,0.003720,0.000511,0.006734,true
100000,100,4,8,0.000464,0.002024,0.003731,0.000597,0.006816,true
100000,100,4,9,0.000471,0.002042,0.003733,0.000511,0.006756,true
100000,100,4,10,0.000448,0.002045,0.003699,0.000519,0.006711,true
100000,100,4,11,0.000450,0.002047,0.003720,0.000551,0.006769,true
100000,100,4,12,0.000450,0.002057,0.003713,0.000500,0.006719,true
100000,100,4,13,0.000453,0.002380,0.004486,0.000624,0.007943,true
100000,100,4,14,0.000463,0.002037,0.003724,0.000526,0.006750,true
100000,100,4,15,0.004890,0.003434,0.003759,0.007692,0.019774,true
100000,100,4,16,0.000458,0.002076,0.003751,0.000534,0.006820,true
100000,100,4,17,0.000455,0.002153,0.003703,0.000453,0.006763,true
100000,100,4,18,0.000457,0.002049,0.003743,0.000532,0.006781,true
100000,100,4,19,0.000454,0.002047,0.003711,0.000529,0.006740,true
100000,100,4,20,0.000469,0.002076,0.003746,0.000503,0.006794,true
100000,1000,1,1,0.001211,0.002440,0.009632,0.000434,0.013718,true
100000,1000,1,2,0.001201,0.002431,0.009618,0.000441,0.013691,true
100000,1000,1,3,0.001222,0.002398,0.009590,0.000433,0.013643,true
100000,1000,1,4,0.001433,0.002412,0.009619,0.000434,0.013897,true
100000,1000,1,5,0.001195,0.002453,0.009631,0.000433,0.013712,true
100000,1000,1,6,0.001199,0.002480,0.009586,0.000461,0.013726,true
100000,1000,1,7,0.001215,0.002440,0.009636,0.000443,0.013734,true
100000,1000,1,8,0.001203,0.002412,0.009676,0.000434,0.013725,true
100000,1000,1,9,0.001212,0.002432,0.009659,0.000434,0.013737,true
100000,1000,1,10,0.001194,0.002360,0.009622,0.000435,0.013611,true
100000,1000,1,11,0.001196,0.002500,0.009577,0.000446,0.013718,true
100000,1000,1,12,0.001205,0.002338,0.009619,0.000448,0.013610,true
100000,1000,1,13,0.001193,0.002497,0.009578,0.000435,0.013703,true
100000,1000,1,14,0.001194,0.002451,0.009592,0.000435,0.013671,true
100000,1000,1,15,0.001194,0.002429,0.009579,0.000434,0.013635,true
100000,1000,1,16,0.001194,0.002417,0.009565,0.000444,0.013620,true
100000,1000,1,17,0.001218,0.002416,0.009598,0.000435,0.013666,true
100000,1000,1,18,0.001222,0.002414,0.009607,0.000435,0.013678,true
100000,1000,1,19,0.001202,0.002419,0.009593,0.000446,0.013659,true
100000,1000,1,20,0.001193,0.002480,0.009628,0.000446,0.013747,true
100000,1000,2,1,0.000692,0.002370,0.004830,0.000229,0.008120,true
100000,1000,2,2,0.000681,0.002443,0.004820,0.000243,0.008188,true
100000,1000,2,3,0.000708,0.002415,0.004812,0.000250,0.008185,true
100000,1000,2,4,0.000688,0.002382,0.004817,0.000268,0.008155,true
100000,1000,2,5,0.000677,0.002351,0.004849,0.000237,0.008114,true
100000,1000,2,6,0.001563,0.002428,0.004805,0.000238,0.009035,true
100000,1000,2,7,0.000694,0.002359,0.004815,0.000229,0.008097,true
100000,1000,2,8,0.000701,0.002371,0.004836,0.000228,0.008136,true
100000,1000,2,9,0.000674,0.002433,0.004837,0.000274,0.008218,true
100000,1000,2,10,0.000686,0.002376,0.004819,0.000242,0.008123,true
100000,1000,2,11,0.000682,0.002412,0.004820,0.000265,0.008179,true
100000,1000,2,12,0.000666,0.002423,0.004856,0.000299,0.008244,true
100000,1000,2,13,0.000665,0.002421,0.004806,0.000249,0.008140,true
100000,1000,2,14,0.000676,0.002370,0.004821,0.000252,0.008120,true
100000,1000,2,15,0.000691,0.002451,0.004822,0.000232,0.008197,true
100000,1000,2,16,0.000667,0.002437,0.004805,0.000246,0.008155,true
100000,1000,2,17,0.000679,0.002365,0.004821,0.000248,0.008113,true
100000,1000,2,18,0.000694,0.002427,0.004809,0.000320,0.008251,true
100000,1000,2,19,0.000665,0.002426,0.004792,0.000288,0.008172,true
100000,1000,2,20,0.000683,0.002404,0.004816,0.000243,0.008145,true
100000,1000,3,1,0.000512,0.002050,0.003230,0.000655,0.006447,true
100000,1000,3,2,0.000527,0.002045,0.003215,0.000657,0.006443,true
100000,1000,3,3,0.000542,0.002040,0.003212,0.000658,0.006451,true
100000,1000,3,4,0.000524,0.002052,0.003214,0.000655,0.006446,true
100000,1000,3,5,0.000515,0.002048,0.003230,0.000649,0.006442,true
100000,1000,3,6,0.000510,0.002049,0.003219,0.000667,0.006445,true
100000,1000,3,7,0.000514,0.002059,0.003215,0.000662,0.006449,true
100000,1000,3,8,0.000528,0.002040,0.003230,0.000659,0.006458,true
100000,1000,3,9,0.000514,0.002055,0.003219,0.000648,0.006436,true
100000,1000,3,10,0.000509,0.002074,0.003214,0.000648,0.006445,true
100000,1000,3,11,0.000514,0.002050,0.003224,0.000680,0.006468,true
100000,1000,3,12,0.000522,0.002093,0.003235,0.000604,0.006452,true
100000,1000,3,13,0.000550,0.002059,0.003214,0.000635,0.006457,true
100000,1000,3,14,0.000513,0.002066,0.003225,0.000647,0.006451,true
100000,1000,3,15,0.000540,0.002061,0.003216,0.000667,0.006483,true
100000,1000,3,16,0.000559,0.002035,0.003222,0.000641,0.006457,true
100000,1000,3,17,0.000513,0.002057,0.003214,0.000639,0.006423,true
100000,1000,3,18,0.000510,0.002060,0.003230,0.000637,0.006437,true
100000,1000,3,19,0.000528,0.002033,0.003228,0.000676,0.006466,true
100000,1000,3,20,0.000526,0.002039,0.003211,0.000761,0.006537,true
100000,1000,4,1,0.000467,0.001880,0.002430,0.000695,0.005471,true
100000,1000,4,2,0.000466,0.001868,0.002418,0.000672,0.005424,true
100000,1000,4,3,0.000473,0.001870,0.002417,0.000659,0.005419,true
100000,1000,4,4,0.000460,0.001901,0.002432,0.000661,0.005454,true
100000,1000,4,5,0.000456,0.001906,0.002414,0.000648,0.005423,true
100000,1000,4,6,0.000471,0.001884,0.002406,0.000695,0.005456,true
100000,1000,4,7,0.000466,0.001866,0.002409,0.000678,0.005420,true
100000,1000,4,8,0.000472,0.001885,0.002415,0.000637,0.005409,true
100000,1000,4,9,0.000466,0.001875,0.002421,0.000660,0.005423,true
100000,1000,4,10,0.000467,0.001882,0.002411,0.000672,0.005432,true
100000,1000,4,11,0.000452,0.001888,0.002414,0.000642,0.005396,true
100000,1000,4,12,0.000461,0.001878,0.002404,0.000645,0.005388,true
100000,1000,4,13,0.000448,0.001872,0.002429,0.000639,0.005387,true
100000,1000,4,14,0.000461,0.001902,0.002420,0.000661,0.005444,true
100000,1000,4,15,0.000446,0.001882,0.002413,0.000671,0.005412,true
100000,1000,4,16,0.000471,0.001908,0.002421,0.000635,0.005434,true
100000,1000,4,17,0.000478,0.001904,0.002411,0.000620,0.005414,true
100000,1000,4,18,0.000489,0.001878,0.002440,0.000649,0.005456,true
100000,1000,4,19,0.000456,0.001887,0.002417,0.000652,0.005411,true
100000,1000,4,20,0.000469,0.001902,0.002437,0.000637,0.005445,true
100000,10000,1,1,0.001195,0.002789,0.004955,0.000656,0.009594,true
100000,10000,1,2,0.001200,0.002772,0.004975,0.000671,0.009618,true
100000,10000,1,3,0.001214,0.002717,0.004983,0.000663,0.009577,true
100000,10000,1,4,0.001199,0.002734,0.004962,0.000659,0.009554,true
100000,10000,1,5,0.001201,0.002721,0.005005,0.000649,0.009577,true
100000,10000,1,6,0.001203,0.002720,0.004980,0.000649,0.009552,true
100000,10000,1,7,0.001206,0.002740,0.004968,0.000652,0.009566,true
100000,10000,1,8,0.001195,0.002733,0.004988,0.000664,0.009580,true
100000,10000,1,9,0.001213,0.002738,0.005010,0.000663,0.009624,true
100000,10000,1,10,0.001199,0.002775,0.004963,0.000659,0.009595,true
100000,10000,1,11,0.001206,0.002731,0.005029,0.000668,0.009633,true
100000,10000,1,12,0.001202,0.002787,0.004937,0.000666,0.009593,true
100000,10000,1,13,0.001215,0.002722,0.004979,0.000663,0.009578,true
100000,10000,1,14,0.001207,0.002741,0.005024,0.000662,0.009635,true
100000,10000,1,15,0.001216,0.002735,0.005005,0.000660,0.009616,true
100000,10000,1,16,0.001194,0.002738,0.005006,0.000661,0.009599,true
100000,10000,1,17,0.001210,0.002734,0.005061,0.000664,0.009668,true
100000,10000,1,18,0.001221,0.002745,0.005018,0.000657,0.009641,true
100000,10000,1,19,0.001194,0.002744,0.005002,0.000651,0.009591,true
100000,10000,1,20,0.001202,0.002768,0.005131,0.000665,0.009766,true
100000,10000,2,1,0.000704,0.002387,0.002513,0.000414,0.006018,true
100000,10000,2,2,0.000678,0.002403,0.002511,0.000407,0.005999,true
100000,10000,2,3,0.000686,0.002402,0.002527,0.000444,0.006060,true
100000,10000,2,4,0.000724,0.002405,0.002487,0.000402,0.006017,true
100000,10000,2,5,0.000683,0.002415,0.002485,0.000406,0.005990,true
100000,10000,2,6,0.000666,0.002402,0.002494,0.000440,0.006002,true
100000,10000,2,7,0.000670,0.002391,0.002495,0.000444,0.006000,true
100000,10000,2,8,0.000679,0.002406,0.002509,0.000406,0.006000,true
100000,10000,2,9,0.000684,0.002396,0.002499,0.000406,0.005984,true
100000,10000,2,10,0.000675,0.002407,0.002528,0.000427,0.006038,true
100000,10000,2,11,0.000685,0.002399,0.002494,0.000427,0.006005,true
100000,10000,2,12,0.000670,0.002405,0.002528,0.000419,0.006021,true
100000,10000,2,13,0.000685,0.002405,0.002488,0.000456,0.006035,true
100000,10000,2,14,0.000775,0.002394,0.002486,0.000410,0.006065,true
100000,10000,2,15,0.000680,0.002417,0.002498,0.000446,0.006041,true
100000,10000,2,16,0.000692,0.002394,0.002510,0.000437,0.006033,true
100000,10000,2,17,0.000697,0.002397,0.002494,0.000414,0.006003,true
100000,10000,2,18,0.000693,0.002389,0.002505,0.000471,0.006057,true
100000,10000,2,19,0.000665,0.002403,0.002483,0.000448,0.005999,true
100000,10000,2,20,0.000686,0.002386,0.002498,0.000452,0.006022,true
100000,10000,3,1,0.000518,0.002068,0.001704,0.000711,0.005000,true
100000,10000,3,2,0.000529,0.002051,0.001686,0.000746,0.005013,true
100000,10000,3,3,0.000514,0.002053,0.001680,0.000735,0.004982,true
100000,10000,3,4,0.000533,0.002061,0.001661,0.000737,0.004993,true
100000,10000,3,5,0.000514,0.002065,0.001673,0.000717,0.004969,true
100000,10000,3,6,0.000542,0.002075,0.001670,0.000754,0.005041,true
100000,10000,3,7,0.000514,0.002068,0.001685,0.000759,0.005026,true
100000,10000,3,8,0.000775,0.002195,0.001682,0.000650,0.005302,true
100000,10000,3,9,0.000528,0.002038,0.001683,0.000704,0.004953,true
100000,10000,3,10,0.000517,0.002067,0.001854,0.001060,0.005497,true
100000,10000,3,11,0.000515,0.002070,0.001681,0.000745,0.005011,true
100000,10000,3,12,0.000514,0.002224,0.001675,0.001042,0.005455,true
100000,10000,3,13,0.000454,0.001802,0.001476,0.000620,0.004352,true
100000,10000,3,14,0.000474,0.001784,0.001453,0.000626,0.004337,true
100000,10000,3,15,0.000445,0.001837,0.001452,0.000759,0.004492,true
100000,10000,3,16,0.000467,0.001789,0.001469,0.000657,0.004382,true
100000,10000,3,17,0.000445,0.001796,0.001486,0.000692,0.004418,true
100000,10000,3,18,0.000444,0.001789,0.001474,0.000625,0.004332,true
100000,10000,3,19,0.000460,0.001777,0.001453,0.000621,0.004311,true
100000,10000,3,20,0.000442,0.001789,0.001460,0.000648,0.004340,true
100000,10000,4,1,0.000409,0.001618,0.001104,0.000609,0.003740,true
100000,10000,4,2,0.000465,0.001848,0.001271,0.000686,0.004270,true
100000,10000,4,3,0.000456,0.001851,0.001269,0.000702,0.004278,true
100000,10000,4,4,0.000471,0.001864,0.001254,0.000699,0.004288,true
100000,10000,4,5,0.000468,0.001857,0.001268,0.000705,0.004298,true
100000,10000,4,6,0.000461,0.001864,0.001262,0.000699,0.004286,true
100000,10000,4,7,0.000467,0.001857,0.001262,0.000728,0.004315,true
100000,10000,4,8,0.000477,0.001853,0.001265,0.000709,0.004304,true
100000,10000,4,9,0.000451,0.001867,0.001260,0.000709,0.004287,true
100000,10000,4,10,0.000463,0.001863,0.001253,0.000698,0.004278,true
100000,10000,4,11,0.000473,0.001858,0.001260,0.000703,0.004295,true
100000,10000,4,12,0.000449,0.001870,0.001270,0.000705,0.004294,true
100000,10000,4,13,0.000465,0.001857,0.001266,0.000696,0.004284,true
100000,10000,4,14,0.000453,0.001870,0.001272,0.000714,0.004309,true
100000,10000,4,15,0.000489,0.001881,0.001255,0.000730,0.004355,true
100000,10000,4,16,0.000502,0.001860,0.001265,0.000711,0.004337,true
100000,10000,4,17,0.000458,0.001864,0.001261,0.000711,0.004294,true
100000,10000,4,18,0.000472,0.001857,0.001267,0.000716,0.004312,true
100000,10000,4,19,0.000469,0.001851,0.001281,0.000733,0.004334,true
100000,10000,4,20,0.004756,0.001897,0.001274,0.001845,0.009772,true
1000000,10,1,1,0.011851,0.025960,0.240371,0.003923,0.282105,true
1000000,10,1,2,0.011858,0.025936,0.240196,0.003918,0.281907,true
1000000,10,1,3,0.011709,0.026065,0.240286,0.003947,0.282007,true
1000000,10,1,4,0.011827,0.026166,0.240136,0.003918,0.282047,true
1000000,10,1,5,0.011704,0.026042,0.240752,0.004136,0.282633,true
1000000,10,1,6,0.011782,0.026219,0.240419,0.004123,0.282542,true
1000000,10,1,7,0.011727,0.026211,0.240808,0.004083,0.282830,true
1000000,10,1,8,0.014048,0.025905,0.240703,0.003915,0.284571,true
1000000,10,1,9,0.011736,0.026049,0.240498,0.004036,0.282319,true
1000000,10,1,10,0.011696,0.026013,0.240407,0.003906,0.282023,true
1000000,10,1,11,0.011713,0.025975,0.240352,0.003957,0.281997,true
1000000,10,1,12,0.011694,0.025899,0.240024,0.003917,0.281534,true
1000000,10,1,13,0.011726,0.025934,0.240308,0.003976,0.281945,true
1000000,10,1,14,0.011774,0.025717,0.240622,0.003922,0.282035,true
1000000,10,1,15,0.011770,0.025920,0.240275,0.003912,0.281876,true
1000000,10,1,16,0.011741,0.026107,0.240504,0.003994,0.282347,true
1000000,10,1,17,0.011706,0.025940,0.240266,0.003930,0.281841,true
1000000,10,1,18,0.011708,0.026026,0.240261,0.003904,0.281898,true
1000000,10,1,19,0.011712,0.025915,0.240814,0.003943,0.282384,true
1000000,10,1,20,0.011694,0.025876,0.240046,0.003926,0.281543,true
1000000,10,2,1,0.005957,0.030660,0.120471,0.002148,0.159236,true
1000000,10,2,2,0.005964,0.030017,0.120288,0.002490,0.158758,true
1000000,10,2,3,0.006242,0.031750,0.120394,0.002061,0.160448,true
1000000,10,2,4,0.005941,0.030057,0.120500,0.002496,0.158993,true
1000000,10,2,5,0.005945,0.031040,0.120339,0.002047,0.159372,true
1000000,10,2,6,0.005922,0.031756,0.120701,0.002130,0.160510,true
1000000,10,2,7,0.005950,0.031724,0.120509,0.002081,0.160263,true
1000000,10,2,8,0.005970,0.032038,0.120512,0.002592,0.161112,true
1000000,10,2,9,0.006275,0.031776,0.120469,0.002246,0.160766,true
1000000,10,2,10,0.005941,0.030923,0.120624,0.001964,0.159453,true
1000000,10,2,11,0.005960,0.030222,0.120353,0.001979,0.158514,true
1000000,10,2,12,0.005958,0.030411,0.120337,0.002664,0.159370,true
1000000,10,2,13,0.005947,0.030551,0.120442,0.002259,0.159199,true
1000000,10,2,14,0.005941,0.030014,0.120685,0.002765,0.159405,true
1000000,10,2,15,0.005969,0.031864,0.120383,0.002497,0.160713,true
1000000,10,2,16,0.005946,0.030031,0.120373,0.002745,0.159096,true
1000000,10,2,17,0.005958,0.031909,0.120425,0.002431,0.160722,true
1000000,10,2,18,0.005985,0.031743,0.120414,0.002196,0.160339,true
1000000,10,2,19,0.005954,0.030603,0.120483,0.002601,0.159641,true
1000000,10,2,20,0.005948,0.030439,0.120295,0.002310,0.158991,true
1000000,10,3,1,0.004348,0.031452,0.080715,0.018647,0.135162,true
1000000,10,3,2,0.004049,0.030247,0.080419,0.018758,0.133473,true
1000000,10,3,3,0.004044,0.029927,0.080682,0.019294,0.133948,true
1000000,10,3,4,0.004037,0.032111,0.080484,0.018848,0.135480,true
1000000,10,3,5,0.004062,0.030937,0.080457,0.018575,0.134031,true
1000000,10,3,6,0.004042,0.029913,0.080706,0.019352,0.134013,true
1000000,10,3,7,0.004047,0.030005,0.080566,0.018939,0.133556,true
1000000,10,3,8,0.004037,0.032130,0.080512,0.019007,0.135686,true
1000000,10,3,9,0.004052,0.029717,0.080481,0.019092,0.133343,true
1000000,10,3,10,0.004039,0.032032,0.080418,0.019103,0.135592,true
1000000,10,3,11,0.004066,0.032100,0.080498,0.019046,0.135710,true
1000000,10,3,12,0.004034,0.029720,0.080452,0.019207,0.133413,true
1000000,10,3,13,0.004035,0.032169,0.080477,0.018997,0.135677,true
1000000,10,3,14,0.004077,0.030969,0.080535,0.018752,0.134332,true
1000000,10,3,15,0.004047,0.032060,0.080541,0.019362,0.136010,true
1000000,10,3,16,0.004056,0.031435,0.080489,0.018638,0.134618,true
1000000,10,3,17,0.004046,0.029990,0.080623,0.019435,0.134094,true
1000000,10,3,18,0.004049,0.029982,0.080578,0.018893,0.133502,true
1000000,10,3,19,0.004042,0.030256,0.080504,0.018651,0.133453,true
1000000,10,3,20,0.004056,0.030078,0.080502,0.018641,0.133277,true
1000000,10,4,1,0.003103,0.030815,0.060373,0.016424,0.110714,true
1000000,10,4,2,0.003153,0.030576,0.060400,0.016343,0.110472,true
1000000,10,4,3,0.003117,0.030593,0.060629,0.018214,0.112554,true
1000000,10,4,4,0.003093,0.030581,0.060493,0.016297,0.110464,true
1000000,10,4,5,0.003116,0.032358,0.060459,0.016743,0.112676,true
1000000,10,4,6,0.003107,0.030317,0.060515,0.017083,0.111021,true
1000000,10,4,7,0.003115,0.030302,0.060601,0.017048,0.111066,true
1000000,10,4,8,0.003100,0.030316,0.060519,0.017358,0.111293,true
1000000,10,4,9,0.003274,0.030280,0.060425,0.017456,0.111435,true
1000000,10,4,10,0.003096,0.031916,0.060510,0.015750,0.111272,true
1000000,10,4,11,0.003101,0.030289,0.060550,0.016815,0.110755,true
1000000,10,4,12,0.003114,0.030847,0.060640,0.021218,0.115819,true
1000000,10,4,13,0.003107,0.030326,0.060489,0.019104,0.113026,true
1000000,10,4,14,0.003112,0.031429,0.060449,0.016020,0.111009,true
1000000,10,4,15,0.003117,0.031501,0.060733,0.017080,0.112431,true
1000000,10,4,16,0.003099,0.031494,0.060458,0.016008,0.111059,true
1000000,10,4,17,0.003186,0.032041,0.060596,0.016104,0.111928,true
1000000,10,4,18,0.003118,0.030759,0.060395,0.016285,0.110556,true
1000000,10,4,19,0.003134,0.030707,0.060612,0.016092,0.110545,true
1000000,10,4,20,0.003111,0.030277,0.060546,0.016966,0.110900,true
1000000,100,1,1,0.011742,0.025998,0.190445,0.004171,0.232357,true
1000000,100,1,2,0.011700,0.025877,0.190331,0.003959,0.231867,false
1000000,100,1,3,0.011697,0.025704,0.190177,0.003905,0.231483,false
1000000,100,1,4,0.011681,0.025993,0.191011,0.003947,0.232633,true
1000000,100,1,5,0.011708,0.025865,0.190903,0.003969,0.232445,true
1000000,100,1,6,0.011705,0.025904,0.190674,0.003946,0.232228,true
1000000,100,1,7,0.011662,0.035328,0.190445,0.003982,0.241417,true
1000000,100,1,8,0.011745,0.025798,0.190213,0.003921,0.231677,true
1000000,100,1,9,0.011703,0.032793,0.190433,0.003909,0.238837,true
1000000,100,1,10,0.011716,0.025748,0.190329,0.003913,0.231706,true
1000000,100,1,11,0.011713,0.025765,0.190799,0.003932,0.232210,true
1000000,100,1,12,0.011778,0.025673,0.190227,0.003911,0.231589,true
1000000,100,1,13,0.011729,0.025824,0.190898,0.003996,0.232448,true
1000000,100,1,14,0.011694,0.025687,0.190455,0.003929,0.231765,true
1000000,100,1,15,0.011752,0.025473,0.190818,0.003919,0.231961,true
1000000,100,1,16,0.011749,0.025557,0.190103,0.003901,0.231310,true
1000000,100,1,17,0.011779,0.025607,0.190250,0.003900,0.231536,true
1000000,100,1,18,0.011714,0.025603,0.190332,0.003950,0.231599,true
1000000,100,1,19,0.011696,0.025689,0.190327,0.003918,0.231631,true
1000000,100,1,20,0.011767,0.038410,0.190657,0.003908,0.244742,true
1000000,100,2,1,0.005961,0.025196,0.095424,0.002031,0.128611,true
1000000,100,2,2,0.006114,0.025242,0.095345,0.001988,0.128688,true
1000000,100,2,3,0.005948,0.025149,0.095228,0.001969,0.128294,true
1000000,100,2,4,0.005963,0.025211,0.095445,0.002041,0.128660,true
1000000,100,2,5,0.005990,0.025254,0.095522,0.002008,0.128774,true
1000000,100,2,6,0.005959,0.025178,0.095388,0.002104,0.128629,true
1000000,100,2,7,0.005975,0.025295,0.095196,0.001989,0.128455,true
1000000,100,2,8,0.005954,0.025429,0.095372,0.002110,0.128866,true
1000000,100,2,9,0.005946,0.025321,0.095629,0.002001,0.128896,true
1000000,100,2,10,0.005960,0.025306,0.095545,0.002170,0.128982,true
1000000,100,2,11,0.005948,0.025104,0.095242,0.001981,0.128276,true
1000000,100,2,12,0.005962,0.025224,0.095600,0.002079,0.128865,true
1000000,100,2,13,0.005956,0.025415,0.095305,0.002018,0.128694,true
1000000,100,2,14,0.005959,0.025244,0.095260,0.002159,0.128622,true
1000000,100,2,15,0.005966,0.025197,0.095495,0.002103,0.128760,true
1000000,100,2,16,0.007496,0.025222,0.095276,0.002014,0.130008,true
1000000,100,2,17,0.005946,0.025116,0.095649,0.002071,0.128782,true
1000000,100,2,18,0.005974,0.025382,0.095422,0.002033,0.128812,true
1000000,100,2,19,0.005969,0.025087,0.095298,0.001958,0.128312,true
1000000,100,2,20,0.005943,0.025147,0.095453,0.001958,0.128501,true
1000000,100,3,1,0.004064,0.022562,0.063633,0.004877,0.095136,true
1000000,100,3,2,0.004049,0.024581,0.063676,0.003020,0.095325,true
1000000,100,3,3,0.004078,0.022755,0.063610,0.004989,0.095432,true
1000000,100,3,4,0.004065,0.022537,0.063658,0.004902,0.095162,true
1000000,100,3,5,0.004037,0.022625,0.063713,0.004853,0.095228,true
1000000,100,3,6,0.004039,0.022889,0.063844,0.004914,0.095685,true
1000000,100,3,7,0.004039,0.022566,0.063794,0.005145,0.095544,true
1000000,100,3,8,0.004045,0.022613,0.063713,0.004875,0.095246,true
1000000,100,3,9,0.004035,0.022403,0.063602,0.004852,0.094892,true
1000000,100,3,10,0.004042,0.022795,0.063554,0.005085,0.095476,true
1000000,100,3,11,0.004044,0.022768,0.063969,0.004934,0.095716,true
1000000,100,3,12,0.004053,0.022680,0.063916,0.004771,0.095420,true
1000000,100,3,13,0.004057,0.022514,0.063571,0.004629,0.094770,true
1000000,100,3,14,0.004052,0.022542,0.063739,0.004542,0.094875,true
1000000,100,3,15,0.004040,0.022735,0.063775,0.004885,0.095436,true
1000000,100,3,16,0.004048,0.022663,0.063722,0.004689,0.095121,true
1000000,100,3,17,0.004053,0.022736,0.063715,0.004944,0.095448,true
1000000,100,3,18,0.004047,0.022794,0.063654,0.004981,0.095475,true
1000000,100,3,19,0.004046,0.022655,0.063666,0.004995,0.095362,true
1000000,100,3,20,0.004048,0.022746,0.063779,0.005063,0.095635,true
1000000,100,4,1,0.003145,0.020508,0.047918,0.005482,0.077053,true
1000000,100,4,2,0.003096,0.020638,0.047908,0.005496,0.077138,true
1000000,100,4,3,0.003107,0.020502,0.047683,0.005326,0.076618,true
1000000,100,4,4,0.003110,0.020611,0.047787,0.005498,0.077006,true
1000000,100,4,5,0.003117,0.020588,0.047651,0.005554,0.076910,true
1000000,100,4,6,0.003112,0.020575,0.047898,0.005580,0.077165,true
1000000,100,4,7,0.003144,0.020387,0.047816,0.005664,0.077011,true
1000000,100,4,8,0.003096,0.020479,0.047707,0.005509,0.076792,true
1000000,100,4,9,0.003105,0.020569,0.047648,0.005644,0.076965,true
1000000,100,4,10,0.003129,0.020398,0.047669,0.005450,0.076646,true
1000000,100,4,11,0.003103,0.020661,0.047861,0.005566,0.077190,true
1000000,100,4,12,0.003116,0.020701,0.047784,0.005414,0.077014,true
1000000,100,4,13,0.003125,0.020619,0.048263,0.004967,0.076973,true
1000000,100,4,14,0.003102,0.020676,0.047686,0.005415,0.076879,true
1000000,100,4,15,0.003117,0.020582,0.047821,0.005291,0.076811,true
1000000,100,4,16,0.003108,0.020496,0.047838,0.005301,0.076743,true
1000000,100,4,17,0.003127,0.020484,0.047782,0.005457,0.076850,true
1000000,100,4,18,0.003106,0.020401,0.047952,0.005246,0.076706,true
1000000,100,4,19,0.003131,0.020438,0.047893,0.005324,0.076785,true
1000000,100,4,20,0.003129,0.020630,0.047820,0.005360,0.076939,true
1000000,1000,1,1,0.011679,0.030676,0.142881,0.004022,0.189257,true
1000000,1000,1,2,0.011702,0.031664,0.142710,0.004014,0.190090,false
1000000,1000,1,3,0.011708,0.030781,0.142878,0.004008,0.189375,false
1000000,1000,1,4,0.011711,0.030918,0.142727,0.004006,0.189362,false
1000000,1000,1,5,0.011744,0.031205,0.142796,0.004058,0.189803,true
1000000,1000,1,6,0.011698,0.030805,0.142353,0.004011,0.188866,true
1000000,1000,1,7,0.011745,0.031056,0.142810,0.004059,0.189670,true
1000000,1000,1,8,0.011698,0.030650,0.142681,0.004060,0.189088,true
1000000,1000,1,9,0.011765,0.030720,0.142626,0.004001,0.189112,true
1000000,1000,1,10,0.011772,0.030676,0.142913,0.004034,0.189396,true
1000000,1000,1,11,0.011704,0.030617,0.142864,0.004024,0.189208,true
1000000,1000,1,12,0.011743,0.030467,0.142737,0.004012,0.188958,true
1000000,1000,1,13,0.011768,0.030834,0.142709,0.004019,0.189330,true
1000000,1000,1,14,0.011760,0.030669,0.143514,0.004011,0.189954,true
1000000,1000,1,15,0.011761,0.029930,0.142631,0.004024,0.188346,true
1000000,1000,1,16,0.011695,0.030608,0.142676,0.004031,0.189010,true
1000000,1000,1,17,0.011683,0.030555,0.142736,0.004031,0.189005,true
1000000,1000,1,18,0.011887,0.032362,0.144746,0.004307,0.193301,true
1000000,1000,1,19,0.011733,0.030827,0.142652,0.004028,0.189239,true
1000000,1000,1,20,0.011699,0.031263,0.142878,0.004026,0.189866,true
1000000,1000,2,1,0.005972,0.025394,0.071681,0.002292,0.105338,true
1000000,1000,2,2,0.006069,0.026057,0.072107,0.002592,0.106824,true
1000000,1000,2,3,0.005981,0.025333,0.071512,0.002236,0.105061,true
1000000,1000,2,4,0.005989,0.025489,0.071474,0.002086,0.105038,true
1000000,1000,2,5,0.005955,0.025833,0.071777,0.002579,0.106144,true
1000000,1000,2,6,0.005949,0.025773,0.071651,0.002499,0.105872,true
1000000,1000,2,7,0.005958,0.025427,0.071573,0.002061,0.105020,true
1000000,1000,2,8,0.005947,0.025295,0.071408,0.002055,0.104705,true
1000000,1000,2,9,0.005962,0.026006,0.071547,0.002441,0.105956,true
1000000,1000,2,10,0.005957,0.026056,0.071900,0.002722,0.106635,true
1000000,1000,2,11,0.005939,0.025329,0.071461,0.002087,0.104816,true
1000000,1000,2,12,0.005948,0.025319,0.071474,0.002192,0.104933,true
1000000,1000,2,13,0.005952,0.025751,0.071994,0.002110,0.105807,true
1000000,1000,2,14,0.005999,0.025872,0.071784,0.002378,0.106033,true
1000000,1000,2,15,0.005948,0.025491,0.071293,0.002297,0.105029,true
1000000,1000,2,16,0.005946,0.025467,0.071453,0.002126,0.104992,true
1000000,1000,2,17,0.006017,0.026079,0.071601,0.002737,0.106434,true
1000000,1000,2,18,0.005969,0.025847,0.071532,0.002685,0.106033,true
1000000,1000,2,19,0.006031,0.025431,0.074228,0.003146,0.108836,true
1000000,1000,2,20,0.006018,0.026206,0.071619,0.002752,0.106595,true
1000000,1000,3,1,0.004049,0.021701,0.047790,0.005487,0.079028,true
1000000,1000,3,2,0.004070,0.021426,0.047724,0.005657,0.078877,true
1000000,1000,3,3,0.004073,0.021598,0.047800,0.005568,0.079039,true
1000000,1000,3,4,0.004084,0.021605,0.048010,0.005645,0.079343,true
1000000,1000,3,5,0.004043,0.021694,0.047832,0.005213,0.078782,true
1000000,1000,3,6,0.004049,0.021432,0.047832,0.005428,0.078741,true
1000000,1000,3,7,0.004061,0.021451,0.047632,0.005420,0.078563,true
1000000,1000,3,8,0.004051,0.021442,0.048096,0.005381,0.078969,true
1000000,1000,3,9,0.004043,0.021477,0.047654,0.005393,0.078566,true
1000000,1000,3,10,0.004052,0.021712,0.047714,0.005184,0.078661,true
1000000,1000,3,11,0.004051,0.021699,0.047661,0.005142,0.078553,true
1000000,1000,3,12,0.004042,0.021501,0.047792,0.005492,0.078828,true
1000000,1000,3,13,0.004059,0.021626,0.047904,0.005211,0.078800,true
1000000,1000,3,14,0.004053,0.021790,0.047801,0.005235,0.078878,true
1000000,1000,3,15,0.004075,0.021481,0.047475,0.005459,0.078490,true
1000000,1000,3,16,0.004068,0.021396,0.047819,0.005340,0.078622,true
1000000,1000,3,17,0.004046,0.021657,0.047763,0.005112,0.078577,true
1000000,1000,3,18,0.004054,0.021405,0.047713,0.005532,0.078705,true
1000000,1000,3,19,0.004056,0.021520,0.047796,0.005448,0.078820,true
1000000,1000,3,20,0.004032,0.021647,0.047823,0.005180,0.078683,true
1000000,1000,4,1,0.003123,0.019507,0.035765,0.005699,0.064094,true
1000000,1000,4,2,0.003125,0.019651,0.036072,0.005728,0.064577,true
1000000,1000,4,3,0.003119,0.019550,0.035794,0.005705,0.064168,true
1000000,1000,4,4,0.003111,0.019671,0.035886,0.005541,0.064209,true
1000000,1000,4,5,0.003119,0.019550,0.035816,0.005632,0.064116,true
1000000,1000,4,6,0.003105,0.019682,0.035748,0.005581,0.064115,true
1000000,1000,4,7,0.003114,0.019760,0.035825,0.005652,0.064350,true
1000000,1000,4,8,0.003104,0.019513,0.035838,0.005705,0.064159,true
1000000,1000,4,9,0.003100,0.019660,0.035868,0.005657,0.064284,true
1000000,1000,4,10,0.003104,0.019574,0.035734,0.005697,0.064110,true
1000000,1000,4,11,0.003114,0.019761,0.036364,0.005071,0.064310,true
1000000,1000,4,12,0.010597,0.024573,0.036894,0.018483,0.090546,true
1000000,1000,4,13,0.003103,0.019605,0.036685,0.005980,0.065373,true
1000000,1000,4,14,0.003143,0.019570,0.035925,0.005587,0.064226,true
1000000,1000,4,15,0.003237,0.020407,0.036429,0.009911,0.069984,true
1000000,1000,4,16,0.008535,0.019493,0.035855,0.005287,0.069170,true
1000000,1000,4,17,0.003102,0.019481,0.035965,0.006009,0.064556,true
1000000,1000,4,18,0.003104,0.019540,0.036025,0.006112,0.064782,true
1000000,1000,4,19,0.003114,0.019524,0.035758,0.005959,0.064355,true
1000000,1000,4,20,0.003107,0.019482,0.035816,0.005848,0.064252,true
1000000,10000,1,1,0.012201,0.035471,0.095327,0.004491,0.147489,true
1000000,10000,1,2,0.012287,0.037126,0.096323,0.005065,0.150801,true
1000000,10000,1,3,0.012243,0.036496,0.097049,0.005116,0.150903,true
1000000,10000,1,4,0.012269,0.038295,0.096280,0.004589,0.151433,true
1000000,10000,1,5,0.012225,0.035479,0.095801,0.004394,0.147899,true
1000000,10000,1,6,0.012156,0.035195,0.095294,0.004434,0.147080,true
1000000,10000,1,7,0.012162,0.037709,0.095414,0.004395,0.149681,true
1000000,10000,1,8,0.012164,0.035136,0.095502,0.004401,0.147203,true
1000000,10000,1,9,0.012143,0.035697,0.095517,0.004369,0.147726,true
1000000,10000,1,10,0.012220,0.036215,0.095380,0.004452,0.148266,true
1000000,10000,1,11,0.012134,0.035537,0.095322,0.004417,0.147410,true
1000000,10000,1,12,0.012188,0.037452,0.095342,0.004396,0.149378,true
1000000,10000,1,13,0.012232,0.043442,0.095907,0.004414,0.155995,true
1000000,10000,1,14,0.012220,0.035682,0.095475,0.004379,0.147757,true
1000000,10000,1,15,0.012210,0.035374,0.095351,0.004489,0.147423,true
1000000,10000,1,16,0.012200,0.043688,0.095269,0.004392,0.155549,true
1000000,10000,1,17,0.012230,0.035925,0.095276,0.004388,0.147819,true
1000000,10000,1,18,0.012186,0.035393,0.095380,0.004477,0.147437,true
1000000,10000,1,19,0.012312,0.035205,0.095516,0.004404,0.147436,false
1000000,10000,1,20,0.012225,0.035695,0.095346,0.004449,0.147715,false
1000000,10000,2,1,0.006229,0.027700,0.047793,0.004454,0.086177,false
1000000,10000,2,2,0.006220,0.026703,0.047951,0.003667,0.084541,true
1000000,10000,2,3,0.006200,0.027060,0.047716,0.002875,0.083851,true
1000000,10000,2,4,0.006249,0.027427,0.047803,0.003877,0.085356,true
1000000,10000,2,5,0.006224,0.027610,0.047640,0.004390,0.085864,true
1000000,10000,2,6,0.006261,0.026619,0.047630,0.003141,0.083651,true
1000000,10000,2,7,0.006243,0.026916,0.047742,0.002854,0.083755,true
1000000,10000,2,8,0.006208,0.026615,0.047733,0.003556,0.084111,true
1000000,10000,2,9,0.006230,0.026512,0.047665,0.003648,0.084055,true
1000000,10000,2,10,0.006235,0.027354,0.047801,0.003992,0.085382,true
1000000,10000,2,11,0.006268,0.026791,0.047938,0.003184,0.084180,true
1000000,10000,2,12,0.006244,0.026588,0.047836,0.003526,0.084193,true
1000000,10000,2,13,0.007778,0.027409,0.047784,0.003089,0.086059,true
1000000,10000,2,14,0.006345,0.026934,0.047621,0.003467,0.084366,true
1000000,10000,2,15,0.006243,0.026525,0.047730,0.003053,0.083550,true
1000000,10000,2,16,0.006206,0.026785,0.047695,0.002582,0.083267,true
1000000,10000,2,17,0.006209,0.027350,0.047734,0.004038,0.085331,true
1000000,10000,2,18,0.006221,0.026583,0.047934,0.002799,0.083537,true
1000000,10000,2,19,0.006204,0.026571,0.047908,0.002898,0.083581,true
1000000,10000,2,20,0.006228,0.026582,0.047683,0.002887,0.083380,true
1000000,10000,3,1,0.004222,0.021875,0.031854,0.005842,0.063793,true
1000000,10000,3,2,0.004235,0.021648,0.031851,0.005944,0.063678,true
1000000,10000,3,3,0.004235,0.021549,0.031869,0.005885,0.063537,true
1000000,10000,3,4,0.004234,0.021684,0.032044,0.006001,0.063963,true
1000000,10000,3,5,0.004234,0.021621,0.031943,0.005951,0.063749,true
1000000,10000,3,6,0.004224,0.021684,0.032078,0.006102,0.064088,true
1000000,10000,3,7,0.004226,0.021624,0.031869,0.006129,0.063848,true
1000000,10000,3,8,0.004217,0.021797,0.031877,0.006197,0.064089,true
1000000,10000,3,9,0.004211,0.021476,0.032081,0.005901,0.063669,true
1000000,10000,3,10,0.004220,0.021699,0.031949,0.006045,0.063912,true
1000000,10000,3,11,0.004211,0.021645,0.032027,0.005995,0.063878,true
1000000,10000,3,12,0.004217,0.021616,0.031534,0.004920,0.062287,true
1000000,10000,3,13,0.004221,0.021525,0.031956,0.005893,0.063595,true
1000000,10000,3,14,0.004231,0.021526,0.031468,0.005015,0.062241,true
1000000,10000,3,15,0.004243,0.021793,0.031488,0.004785,0.062309,true
1000000,10000,3,16,0.004199,0.021839,0.031869,0.006228,0.064135,true
1000000,10000,3,17,0.004212,0.021676,0.031440,0.005220,0.062548,true
1000000,10000,3,18,0.004201,0.021820,0.031874,0.005776,0.063671,true
1000000,10000,3,19,0.004202,0.021620,0.031857,0.006091,0.063771,true
1000000,10000,3,20,0.004193,0.021607,0.031927,0.005743,0.063470,true
1000000,10000,4,1,0.003204,0.019523,0.023892,0.005626,0.052245,true
1000000,10000,4,2,0.003226,0.019457,0.024111,0.005857,0.052652,true
1000000,10000,4,3,0.003246,0.019569,0.023913,0.006407,0.053135,true
1000000,10000,4,4,0.003230,0.019503,0.024031,0.006091,0.052855,true
1000000,10000,4,5,0.003270,0.019338,0.023882,0.005597,0.052087,true
1000000,10000,4,6,0.003528,0.019472,0.024087,0.005601,0.052688,true
1000000,10000,4,7,0.003238,0.019329,0.024018,0.005503,0.052087,true
1000000,10000,4,8,0.003251,0.019347,0.024035,0.005516,0.052149,true
1000000,10000,4,9,0.003229,0.019367,0.023913,0.005553,0.052063,true
1000000,10000,4,10,0.003222,0.019435,0.023897,0.005467,0.052021,true
1000000,10000,4,11,0.003241,0.019454,0.024094,0.005758,0.052547,true
1000000,10000,4,12,0.003252,0.019538,0.023973,0.006327,0.053090,true
1000000,10000,4,13,0.003228,0.019601,0.023958,0.006106,0.052893,true
1000000,10000,4,14,0.003256,0.019647,0.023934,0.006667,0.053505,true
1000000,10000,4,15,0.003260,0.019320,0.023888,0.005677,0.052146,true
1000000,10000,4,16,0.003236,0.019324,0.023914,0.005709,0.052183,true
1000000,10000,4,17,0.003213,0.019660,0.024172,0.005836,0.052881,true
1000000,10000,4,18,0.003252,0.019351,0.023337,0.005984,0.051924,true
1000000,10000,4,19,0.003242,0.019247,0.024016,0.005806,0.052310,true
1000000,10000,4,20,0.003238,0.019303,0.023872,0.005616,0.052030,true
10000000,10,1,1,0.122980,0.246974,2.900842,0.040959,3.311754,true
10000000,10,1,2,0.122170,0.244177,2.897565,0.041107,3.305019,true
10000000,10,1,3,0.123155,0.244467,2.894620,0.041141,3.303383,false
10000000,10,1,4,0.124425,0.245904,2.899368,0.041222,3.310920,true
10000000,10,1,5,0.124199,0.246809,2.893932,0.041233,3.306172,true
10000000,10,1,6,0.124163,0.246828,2.897089,0.041228,3.309307,false
10000000,10,1,7,0.124495,0.363333,2.903754,0.041416,3.432999,true
10000000,10,1,8,0.123178,0.245746,2.897637,0.040926,3.307487,true
10000000,10,1,9,0.122719,0.244583,2.903174,0.041039,3.311515,true
10000000,10,1,10,0.123187,0.244182,2.901105,0.040673,3.309147,true
10000000,10,1,11,0.125966,0.245059,2.894980,0.041150,3.307155,false
10000000,10,1,12,0.124385,0.246615,2.903483,0.041118,3.315601,false
10000000,10,1,13,0.124334,0.247693,2.896784,0.041206,3.310018,false
10000000,10,1,14,0.147952,0.246362,2.901494,0.041147,3.336955,true
10000000,10,1,15,0.123212,0.244286,2.901716,0.041092,3.310305,true
10000000,10,1,16,0.122774,0.246035,2.901653,0.041459,3.311920,true
10000000,10,1,17,0.123285,0.245980,2.897973,0.041180,3.308419,false
10000000,10,1,18,0.124434,0.246947,2.897139,0.041095,3.309615,false
10000000,10,1,19,0.124415,0.246104,2.900235,0.041165,3.311918,false
10000000,10,1,20,0.124233,0.246585,2.899946,0.041192,3.311957,true
10000000,10,2,1,0.061899,0.311125,1.456629,0.021359,1.851012,true
10000000,10,2,2,0.061626,0.299702,1.449637,0.022812,1.833778,true
10000000,10,2,3,0.061483,0.332778,1.454015,0.049472,1.897748,true
10000000,10,2,4,0.061561,0.309489,1.450107,0.021190,1.842346,false
10000000,10,2,5,0.061517,0.313117,1.455177,0.023340,1.853151,true
10000000,10,2,6,0.061614,0.311715,1.448255,0.021802,1.843385,false
10000000,10,2,7,0.061578,0.311553,1.454567,0.024215,1.851913,true
10000000,10,2,8,0.061679,0.293781,1.456269,0.025920,1.837648,true
10000000,10,2,9,0.061794,0.335281,1.454006,0.058548,1.909630,true
10000000,10,2,10,0.077914,0.299005,1.453386,0.021763,1.852068,true
10000000,10,2,11,0.062098,0.305567,1.495973,0.020865,1.884504,true
10000000,10,2,12,0.061687,0.296448,1.451486,0.024997,1.834618,false
10000000,10,2,13,0.062969,0.300169,1.450577,0.023032,1.836746,false
10000000,10,2,14,0.061704,0.296270,1.449625,0.022867,1.830466,true
10000000,10,2,15,0.064456,0.294142,1.453312,0.024418,1.836328,true
10000000,10,2,16,0.061368,0.294430,1.454674,0.033361,1.843833,false
10000000,10,2,17,0.061773,0.291747,1.450369,0.026180,1.830069,true
10000000,10,2,18,0.061833,0.292125,1.452207,0.028251,1.834415,false
10000000,10,2,19,0.061531,0.303837,1.449627,0.022782,1.837777,true
10000000,10,2,20,0.061885,0.296781,1.448728,0.020545,1.827939,false
10000000,10,3,1,0.041149,0.301362,0.970118,0.221820,1.534449,true
10000000,10,3,2,0.041232,0.302113,0.971785,0.222250,1.537379,true
10000000,10,3,3,0.041215,0.317080,0.971988,0.222254,1.552538,true
10000000,10,3,4,0.041134,0.299876,0.953957,0.221520,1.516486,true
10000000,10,3,5,0.041059,0.311119,0.969644,0.220938,1.542760,false
10000000,10,3,6,0.041042,0.299611,0.970797,0.221090,1.532539,true
10000000,10,3,7,0.041069,0.318935,0.967991,0.223613,1.551607,false
10000000,10,3,8,0.041065,0.293198,0.971911,0.222970,1.529144,false
10000000,10,3,9,0.047379,0.294426,0.955654,0.232571,1.530029,true
10000000,10,3,10,0.040938,0.303593,0.970043,0.223525,1.538100,true
10000000,10,3,11,0.041070,0.299972,0.970683,0.229688,1.541414,true
10000000,10,3,12,0.040970,0.303153,0.969014,0.224493,1.537630,true
10000000,10,3,13,0.041215,0.296453,0.968916,0.229859,1.536443,true
10000000,10,3,14,0.041089,0.328768,0.967854,0.220669,1.558380,false
10000000,10,3,15,0.041117,0.304917,0.969515,0.223490,1.539039,false
10000000,10,3,16,0.041161,0.304868,0.970245,0.223476,1.539751,false
10000000,10,3,17,0.041366,0.301729,0.970584,0.220038,1.533717,true
10000000,10,3,18,0.041207,0.318771,0.969545,0.221409,1.550932,true
10000000,10,3,19,0.041061,0.311517,0.970546,0.219217,1.542342,true
10000000,10,3,20,0.041169,0.304617,0.971557,0.223724,1.541067,true
10000000,10,4,1,0.030949,0.318584,0.727053,0.184985,1.261570,true
10000000,10,4,2,0.030888,0.307696,0.726216,0.192104,1.256904,true
10000000,10,4,3,0.030845,0.308556,0.727102,0.187013,1.253516,true
10000000,10,4,4,0.030753,0.325186,0.742932,0.174628,1.273499,true
10000000,10,4,5,0.030941,0.317146,0.726746,0.183466,1.258299,false
10000000,10,4,6,0.030932,0.312355,0.726676,0.184043,1.254006,false
10000000,10,4,7,0.030830,0.327827,0.748525,0.196367,1.303549,false
10000000,10,4,8,0.033010,0.302447,0.749121,0.230099,1.314677,true
10000000,10,4,9,0.031034,0.329123,0.728313,0.189707,1.278176,true
10000000,10,4,10,0.031222,0.310628,0.727158,0.184977,1.253985,true
10000000,10,4,11,0.031076,0.308021,0.727403,0.182971,1.249471,true
10000000,10,4,12,0.031210,0.327008,0.727164,0.184436,1.269818,false
10000000,10,4,13,0.031173,0.327044,0.726840,0.186756,1.271813,false
10000000,10,4,14,0.031011,0.309659,0.726457,0.198637,1.265763,true
10000000,10,4,15,0.031048,0.329322,0.727565,0.189143,1.277078,true
10000000,10,4,16,0.030972,0.307371,0.727171,0.190793,1.256307,true
10000000,10,4,17,0.031031,0.308950,0.726960,0.197203,1.264144,true
10000000,10,4,18,0.031013,0.309152,0.726143,0.196564,1.262872,false
10000000,10,4,19,0.030924,0.317098,0.727261,0.182977,1.258260,false
10000000,10,4,20,0.030800,0.311779,0.726006,0.181747,1.250333,false
10000000,100,1,1,0.122786,0.268735,2.394968,0.041299,2.827789,true
10000000,100,1,2,0.123395,0.268415,2.394750,0.041196,2.827756,true
10000000,100,1,3,0.123421,0.268329,2.393537,0.041364,2.826651,true
10000000,100,1,4,0.123749,0.268576,2.394210,0.041208,2.827743,true
10000000,100,1,5,0.124693,0.268502,2.398135,0.041221,2.832552,true
10000000,100,1,6,0.124012,0.268551,2.395929,0.041229,2.829721,false
10000000,100,1,7,0.123396,0.268422,2.393808,0.040912,2.826538,true
10000000,100,1,8,0.129606,0.268099,2.392866,0.041147,2.831718,true
10000000,100,1,9,0.123200,0.268436,2.399812,0.041234,2.832682,true
10000000,100,1,10,0.122870,0.268507,2.394210,0.041283,2.826869,true
10000000,100,1,11,0.123753,0.268266,2.394124,0.041206,2.827348,false
10000000,100,1,12,0.124447,0.268297,2.394433,0.041191,2.828368,true
10000000,100,1,13,0.124273,0.267894,2.394516,0.041287,2.827970,true
10000000,100,1,14,0.124078,0.268081,2.396258,0.041282,2.829699,true
10000000,100,1,15,0.123488,0.306761,2.395537,0.041254,2.867039,true
10000000,100,1,16,0.123557,0.389585,2.401243,0.041132,2.955517,true
10000000,100,1,17,0.123185,0.268441,2.401289,0.041177,2.834091,true
10000000,100,1,18,0.122953,0.268650,2.393911,0.041177,2.826691,true
10000000,100,1,19,0.123962,0.268325,2.396962,0.041208,2.830457,true
10000000,100,1,20,0.123744,0.268491,2.397227,0.041446,2.830908,true
10000000,100,2,1,0.061845,0.270692,1.197870,0.034692,1.565099,true
10000000,100,2,2,0.062399,0.256712,1.200166,0.021112,1.540388,false
10000000,100,2,3,0.063088,0.260968,1.202303,0.020857,1.547215,true
10000000,100,2,4,0.061786,0.256794,1.201337,0.021698,1.541615,true
10000000,100,2,5,0.061660,0.256214,1.198052,0.021468,1.537394,true
10000000,100,2,6,0.061456,0.256707,1.198135,0.020957,1.537255,true
10000000,100,2,7,0.061397,0.256981,1.198943,0.021235,1.538556,true
10000000,100,2,8,0.061457,0.257213,1.197477,0.020508,1.536655,true
10000000,100,2,9,0.061324,0.255785,1.197771,0.021417,1.536298,true
10000000,100,2,10,0.061451,0.259566,1.198131,0.024165,1.543313,true
10000000,100,2,11,0.061554,0.288232,1.197601,0.051611,1.598998,true
10000000,100,2,12,0.061794,0.256554,1.199947,0.022021,1.540316,true
10000000,100,2,13,0.062099,0.256896,1.200551,0.021809,1.541355,true
10000000,100,2,14,0.061879,0.256945,1.198215,0.020473,1.537512,true
10000000,100,2,15,0.061945,0.256196,1.201413,0.020954,1.540508,true
10000000,100,2,16,0.062004,0.277749,1.197249,0.040470,1.577471,true
10000000,100,2,17,0.061836,0.256765,1.201488,0.021377,1.541466,true
10000000,100,2,18,0.061792,0.256381,1.201338,0.022621,1.542133,true
10000000,100,2,19,0.061719,0.257923,1.198087,0.021566,1.539295,false
10000000,100,2,20,0.061991,0.256665,1.200040,0.020799,1.539495,true
10000000,100,3,1,0.041027,0.226970,0.799605,0.047632,1.115234,false
10000000,100,3,2,0.040956,0.230527,0.803310,0.035643,1.110435,true
10000000,100,3,3,0.040965,0.229620,0.800369,0.047874,1.118828,true
10000000,100,3,4,0.040963,0.229540,0.801716,0.046630,1.118849,true
10000000,100,3,5,0.040960,0.227547,0.805394,0.047846,1.121747,false
10000000,100,3,6,0.041036,0.230219,0.803019,0.047901,1.122176,true
10000000,100,3,7,0.041000,0.227168,0.802200,0.046908,1.117276,false
10000000,100,3,8,0.041109,0.227172,0.800035,0.046668,1.114984,false
10000000,100,3,9,0.041226,0.230437,0.799680,0.046807,1.118150,true
10000000,100,3,10,0.041127,0.231199,0.799853,0.048576,1.120756,false
10000000,100,3,11,0.041219,0.229495,0.800126,0.044669,1.115510,false
10000000,100,3,12,0.041248,0.227835,0.799847,0.047272,1.116202,true
10000000,100,3,13,0.041149,0.240351,0.816459,0.040247,1.138205,true
10000000,100,3,14,0.041200,0.230499,0.801915,0.047830,1.121445,true
10000000,100,3,15,0.041241,0.229714,0.800502,0.045190,1.116646,false
10000000,100,3,16,0.041120,0.225735,0.802165,0.044471,1.113491,true
10000000,100,3,17,0.041073,0.230534,0.800225,0.047437,1.119269,true
10000000,100,3,18,0.041070,0.228609,0.799484,0.046691,1.115854,true
10000000,100,3,19,0.040957,0.230360,0.800489,0.048314,1.120120,true
10000000,100,3,20,0.041015,0.229906,0.799694,0.045949,1.116563,true
10000000,100,4,1,0.030975,0.207400,0.600090,0.053791,0.892257,true
10000000,100,4,2,0.030775,0.206517,0.600605,0.054119,0.892016,true
10000000,100,4,3,0.030722,0.208712,0.600848,0.057351,0.897632,true
10000000,100,4,4,0.030839,0.207185,0.600619,0.054002,0.892646,true
10000000,100,4,5,0.030829,0.209050,0.600516,0.057134,0.897528,true
10000000,100,4,6,0.030933,0.209311,0.601692,0.053676,0.895611,true
10000000,100,4,7,0.030914,0.215934,0.600692,0.046483,0.894023,true
10000000,100,4,8,0.031348,0.208527,0.601215,0.054942,0.896032,true
10000000,100,4,9,0.031074,0.206445,0.601077,0.055188,0.893785,true
10000000,100,4,10,0.031045,0.206471,0.599938,0.056856,0.894311,true
10000000,100,4,11,0.031055,0.208736,0.599326,0.055944,0.895061,false
10000000,100,4,12,0.031058,0.213838,0.599485,0.050138,0.894519,false
10000000,100,4,13,0.031129,0.209163,0.599916,0.056151,0.896359,false
10000000,100,4,14,0.031571,0.208383,0.599568,0.055978,0.895500,false
10000000,100,4,15,0.031277,0.208129,0.599298,0.054525,0.893228,true
10000000,100,4,16,0.031075,0.206165,0.600408,0.056519,0.894167,true
10000000,100,4,17,0.030984,0.208083,0.599852,0.055556,0.894475,true
10000000,100,4,18,0.030994,0.208238,0.600353,0.056016,0.895601,true
10000000,100,4,19,0.030946,0.208207,0.599668,0.055744,0.894566,true
10000000,100,4,20,0.031019,0.208118,0.599513,0.055093,0.893744,true
10000000,1000,1,1,0.123152,0.349402,1.900300,0.041696,2.414550,true
10000000,1000,1,2,0.123292,0.345498,1.900530,0.041565,2.410885,true
10000000,1000,1,3,0.122550,0.344779,1.901185,0.041732,2.410246,true
10000000,1000,1,4,0.123197,0.386575,1.900039,0.041543,2.451354,true
10000000,1000,1,5,0.124102,0.343077,1.906630,0.041654,2.415462,true
10000000,1000,1,6,0.123665,0.343942,1.906895,0.041785,2.416287,true
10000000,1000,1,7,0.124138,0.343455,1.906420,0.041623,2.415636,false
10000000,1000,1,8,0.123931,0.356477,1.901236,0.041672,2.423316,true
10000000,1000,1,9,0.123526,0.343534,1.900563,0.041675,2.409297,true
10000000,1000,1,10,0.123119,0.343610,1.901354,0.041631,2.409715,true
10000000,1000,1,11,0.122887,0.342125,1.904796,0.041466,2.411274,true
10000000,1000,1,12,0.122907,0.347416,1.901198,0.041697,2.413218,true
10000000,1000,1,13,0.122768,0.343688,1.900444,0.041662,2.408563,true
10000000,1000,1,14,0.123458,0.342290,1.901391,0.041621,2.408760,true
10000000,1000,1,15,0.124318,0.351951,1.901394,0.041633,2.419295,false
10000000,1000,1,16,0.124226,0.343810,1.898394,0.041646,2.408076,true
10000000,1000,1,17,0.124739,0.347582,1.905207,0.041776,2.419304,true
10000000,1000,1,18,0.123661,0.347763,1.900683,0.041816,2.413923,false
10000000,1000,1,19,0.123389,0.341381,1.906426,0.041675,2.412871,true
10000000,1000,1,20,0.123389,0.344818,1.899741,0.041558,2.409505,true
10000000,1000,2,1,0.061424,0.257725,0.953218,0.023718,1.296085,true
10000000,1000,2,2,0.061156,0.263984,0.950951,0.022972,1.299063,false
10000000,1000,2,3,0.061325,0.264291,0.949970,0.024213,1.299798,false
10000000,1000,2,4,0.061612,0.257351,0.953512,0.022882,1.295357,true
10000000,1000,2,5,0.061478,0.264820,0.952860,0.025037,1.304195,false
10000000,1000,2,6,0.061969,0.263997,0.951014,0.024522,1.301502,false
10000000,1000,2,7,0.062037,0.258352,0.950104,0.022751,1.293244,false
10000000,1000,2,8,0.062094,0.259144,0.950646,0.023224,1.295108,true
10000000,1000,2,9,0.061898,0.263719,0.951283,0.024125,1.301026,true
10000000,1000,2,10,0.061605,0.260489,0.950738,0.024024,1.296855,true
10000000,1000,2,11,0.062007,0.257404,0.949548,0.023383,1.292342,true
10000000,1000,2,12,0.063399,0.258176,0.953437,0.023956,1.298969,true
10000000,1000,2,13,0.061810,0.258039,0.954082,0.023386,1.297317,true
10000000,1000,2,14,0.061777,0.264229,0.950067,0.023151,1.299224,true
10000000,1000,2,15,0.061495,0.264283,0.949693,0.024064,1.299535,true
10000000,1000,2,16,0.061602,0.260531,0.952996,0.024548,1.299677,true
10000000,1000,2,17,0.061452,0.259007,0.951915,0.023267,1.295641,true
10000000,1000,2,18,0.061091,0.258199,0.954434,0.023938,1.297662,false
10000000,1000,2,19,0.061888,0.262290,0.952938,0.021859,1.298976,false
10000000,1000,2,20,0.061438,0.263652,0.949964,0.025156,1.300210,true
10000000,1000,3,1,0.041058,0.217517,0.637066,0.053184,0.948825,true
10000000,1000,3,2,0.041010,0.217183,0.633910,0.053162,0.945264,true
10000000,1000,3,3,0.041121,0.217099,0.634798,0.053495,0.946513,true
10000000,1000,3,4,0.041137,0.216918,0.634215,0.053378,0.945648,true
10000000,1000,3,5,0.041141,0.217674,0.636570,0.054614,0.949999,true
10000000,1000,3,6,0.041159,0.217349,0.634061,0.053412,0.945981,false
10000000,1000,3,7,0.041149,0.220818,0.639022,0.048464,0.949454,false
10000000,1000,3,8,0.041245,0.217256,0.634760,0.053390,0.946650,true
10000000,1000,3,9,0.041186,0.219749,0.635762,0.051232,0.947929,true
10000000,1000,3,10,0.041278,0.220168,0.636410,0.050530,0.948386,false
10000000,1000,3,11,0.041103,0.217430,0.634964,0.053832,0.947330,false
10000000,1000,3,12,0.041103,0.220874,0.637199,0.050270,0.949445,false
10000000,1000,3,13,0.041236,0.217472,0.634539,0.053471,0.946718,true
10000000,1000,3,14,0.041588,0.217663,0.624434,0.040900,0.924584,true
10000000,1000,3,15,0.045527,0.217045,0.633708,0.054217,0.950496,true
10000000,1000,3,16,0.040974,0.217505,0.622880,0.041550,0.922909,true
10000000,1000,3,17,0.041057,0.220142,0.634366,0.051444,0.947008,true
10000000,1000,3,18,0.040913,0.217845,0.634641,0.053187,0.946586,true
10000000,1000,3,19,0.041092,0.217332,0.634362,0.052518,0.945304,true
10000000,1000,3,20,0.040914,0.217350,0.635410,0.052136,0.945810,true
10000000,1000,4,1,0.030816,0.201390,0.475571,0.054266,0.762043,true
10000000,1000,4,2,0.030974,0.198840,0.476154,0.056637,0.762604,true
10000000,1000,4,3,0.030910,0.198931,0.476949,0.055504,0.762294,true
10000000,1000,4,4,0.030979,0.201002,0.475541,0.053957,0.761479,true
10000000,1000,4,5,0.031131,0.199635,0.477084,0.055670,0.763519,true
10000000,1000,4,6,0.031072,0.198775,0.475576,0.055532,0.760955,true
10000000,1000,4,7,0.031105,0.198823,0.476135,0.055887,0.761950,true
10000000,1000,4,8,0.031042,0.198782,0.475609,0.055778,0.761212,true
10000000,1000,4,9,0.031011,0.199018,0.475617,0.055795,0.761441,true
10000000,1000,4,10,0.031099,0.198926,0.476259,0.055863,0.762147,true
10000000,1000,4,11,0.031102,0.198905,0.475669,0.057583,0.763259,true
10000000,1000,4,12,0.031061,0.198940,0.475914,0.057369,0.763282,true
10000000,1000,4,13,0.031026,0.199035,0.475960,0.056083,0.762104,false
10000000,1000,4,14,0.031004,0.198993,0.477144,0.055639,0.762780,false
10000000,1000,4,15,0.030980,0.198951,0.477171,0.056763,0.763866,false
10000000,1000,4,16,0.031105,0.198952,0.476111,0.055890,0.762058,false
10000000,1000,4,17,0.030999,0.198812,0.476180,0.055926,0.761918,true
10000000,1000,4,18,0.030891,0.201147,0.477474,0.053444,0.762957,true
10000000,1000,4,19,0.030939,0.198855,0.477267,0.056145,0.763205,true
10000000,1000,4,20,0.030807,0.199509,0.475889,0.055653,0.761858,true
10000000,10000,1,1,0.123291,0.558485,1.427730,0.042615,2.152122,true
10000000,10000,1,2,0.122903,0.549388,1.435108,0.042821,2.150219,true
10000000,10000,1,3,0.123425,0.571334,1.426331,0.042787,2.163877,true
10000000,10000,1,4,0.124165,0.550108,1.437948,0.042838,2.155059,true
10000000,10000,1,5,0.123879,0.554643,1.429524,0.042731,2.150777,true
10000000,10000,1,6,0.124305,0.558789,1.432314,0.042866,2.158275,true
10000000,10000,1,7,0.124743,0.537893,1.433037,0.042987,2.138660,true
10000000,10000,1,8,0.124088,0.574200,1.434843,0.042847,2.175978,true
10000000,10000,1,9,0.123895,0.533854,1.434031,0.042721,2.134501,true
10000000,10000,1,10,0.130255,0.559057,1.432183,0.042848,2.164343,true
10000000,10000,1,11,0.122941,0.687692,1.435331,0.042603,2.288568,true
10000000,10000,1,12,0.122820,0.547902,1.432968,0.042825,2.146515,true
10000000,10000,1,13,0.122914,0.532904,1.435556,0.042951,2.134325,true
10000000,10000,1,14,0.123959,0.560002,1.431766,0.043466,2.159193,true
10000000,10000,1,15,0.124435,0.555037,1.433931,0.042834,2.156237,true
10000000,10000,1,16,0.123935,0.558319,1.427485,0.042819,2.152558,true
10000000,10000,1,17,0.131401,0.544957,1.431524,0.042839,2.150721,true
10000000,10000,1,18,0.124514,0.549441,1.437168,0.042660,2.153783,true
10000000,10000,1,19,0.123922,0.554391,1.431117,0.042841,2.152271,true
10000000,10000,1,20,0.124031,0.569628,1.440701,0.042789,2.177149,true
10000000,10000,2,1,0.061581,0.329366,0.713690,0.026896,1.131533,true
10000000,10000,2,2,0.061384,0.323522,0.714653,0.025293,1.124853,true
10000000,10000,2,3,0.061358,0.319366,0.714681,0.024325,1.119729,true
10000000,10000,2,4,0.062009,0.319754,0.718164,0.023083,1.123011,false
10000000,10000,2,5,0.061799,0.321641,0.718097,0.022766,1.124303,true
10000000,10000,2,6,0.077755,0.319123,0.715195,0.023662,1.135735,true
10000000,10000,2,7,0.061689,0.330951,0.714359,0.035612,1.142612,true
10000000,10000,2,8,0.062590,0.323832,0.713627,0.022960,1.123010,true
10000000,10000,2,9,0.061960,0.319887,0.714982,0.023774,1.120603,true
10000000,10000,2,10,0.062026,0.321176,0.719146,0.024084,1.126431,false
10000000,10000,2,11,0.062062,0.321176,0.716054,0.025033,1.124325,false
10000000,10000,2,12,0.062187,0.318453,0.715999,0.021883,1.118522,true
10000000,10000,2,13,0.062132,0.321102,0.715301,0.024753,1.123288,false
10000000,10000,2,14,0.062118,0.320062,0.714530,0.023517,1.120227,false
10000000,10000,2,15,0.061971,0.320479,0.715050,0.025237,1.122737,true
10000000,10000,2,16,0.061946,0.320201,0.713664,0.023255,1.119065,false
10000000,10000,2,17,0.061621,0.319757,0.716521,0.021852,1.119750,false
10000000,10000,2,18,0.061705,0.318982,0.720744,0.022750,1.124181,true
10000000,10000,2,19,0.061459,0.319586,0.715647,0.022161,1.118853,true
10000000,10000,2,20,0.061388,0.320916,0.714421,0.023696,1.120420,false
10000000,10000,3,1,0.041847,0.255002,0.478570,0.069656,0.845076,true
10000000,10000,3,2,0.041190,0.247012,0.479861,0.054940,0.823003,false
10000000,10000,3,3,0.041027,0.249619,0.477098,0.053198,0.820943,false
10000000,10000,3,4,0.041075,0.247012,0.478846,0.058185,0.825118,false
10000000,10000,3,5,0.041069,0.246519,0.476107,0.056208,0.819903,false
10000000,10000,3,6,0.041156,0.247486,0.477798,0.057716,0.824155,false
10000000,10000,3,7,0.041159,0.245897,0.469121,0.045954,0.802132,true
10000000,10000,3,8,0.041270,0.245669,0.490505,0.056053,0.833497,false
10000000,10000,3,9,0.041296,0.246688,0.477300,0.056484,0.821768,true
10000000,10000,3,10,0.041239,0.246907,0.478381,0.057038,0.823564,true
10000000,10000,3,11,0.041270,0.246360,0.476989,0.055728,0.820346,true
10000000,10000,3,12,0.041247,0.247167,0.477098,0.057737,0.823249,true
10000000,10000,3,13,0.041239,0.246909,0.478655,0.055398,0.822201,true
10000000,10000,3,14,0.041229,0.247945,0.476373,0.056345,0.821892,false
10000000,10000,3,15,0.041235,0.248932,0.477217,0.061046,0.828431,false
10000000,10000,3,16,0.041279,0.248456,0.478724,0.059054,0.827512,false
10000000,10000,3,17,0.041200,0.247977,0.479713,0.057069,0.825959,true
10000000,10000,3,18,0.041421,0.246881,0.478244,0.058744,0.825290,true
10000000,10000,3,19,0.041267,0.247499,0.478195,0.059059,0.826019,true
10000000,10000,3,20,0.041113,0.246028,0.476694,0.056182,0.820017,true
10000000,10000,4,1,0.031145,0.213819,0.358639,0.054228,0.657830,true
10000000,10000,4,2,0.030918,0.219797,0.361495,0.073084,0.685294,true
10000000,10000,4,3,0.031417,0.214258,0.357731,0.055699,0.659105,true
10000000,10000,4,4,0.030802,0.213791,0.352114,0.054186,0.650893,true
10000000,10000,4,5,0.030778,0.214394,0.357459,0.056098,0.658729,true
10000000,10000,4,6,0.030894,0.214207,0.358728,0.055601,0.659430,true
10000000,10000,4,7,0.030848,0.214325,0.357993,0.056332,0.659497,true
10000000,10000,4,8,0.030859,0.213663,0.357968,0.054713,0.657203,true
10000000,10000,4,9,0.030905,0.214210,0.358361,0.055234,0.658711,true
10000000,10000,4,10,0.031022,0.214554,0.357174,0.055048,0.657798,true
10000000,10000,4,11,0.030989,0.214175,0.359210,0.054852,0.659225,true
10000000,10000,4,12,0.031113,0.214938,0.357597,0.053853,0.657501,true
10000000,10000,4,13,0.031059,0.214757,0.357056,0.055506,0.658377,true
10000000,10000,4,14,0.031237,0.214591,0.357735,0.054912,0.658475,true
10000000,10000,4,15,0.031070,0.214236,0.357701,0.054706,0.657713,true
10000000,10000,4,16,0.032772,0.214014,0.357439,0.054720,0.658945,true
10000000,10000,4,17,0.031133,0.214566,0.355997,0.060003,0.661700,true
10000000,10000,4,18,0.031318,0.213947,0.357913,0.057458,0.660636,true
10000000,10000,4,19,0.031173,0.214922,0.359536,0.057507,0.663138,true
10000000,10000,4,20,0.031166,0.214874,0.357323,0.056267,0.659630,true
